PLAYER_ID,PLAYER_NAME,TEAM_ABBREVIATION,AGE,GP,MIN,PTS,REB,OREB,AST,STL,BLK,TOV,FG_PCT,FG3M,FG3_PCT,FT_PCT,PLUS_MINUS,SALARY
1630639,a.j. lawson,TOR,24,26,486,236,86,20,31,13,6,15,0.421,33,0.327,0.683,-17,2270735
1631260,aj green,MIL,25,73,1659,541,174,18,108,37,7,40,0.429,155,0.427,0.815,227,2301587
1642358,aj johnson,WAS,20,29,638,220,59,8,76,12,3,35,0.385,24,0.267,0.865,-152,3090480
203932,aaron gordon,DEN,29,51,1446,748,247,80,164,23,14,73,0.531,75,0.436,0.81,301,22841455
1628988,aaron holiday,HOU,28,62,792,340,78,13,83,19,11,37,0.437,72,0.398,0.829,88,3080921
1630174,aaron nesmith,IND,25,45,1121,541,178,37,54,35,17,37,0.507,84,0.431,0.913,198,11000000
1630598,aaron wiggins,OKC,26,76,1743,914,295,81,134,60,18,69,0.488,130,0.383,0.831,514,10102803
1641745,adam flagler,OKC,25,37,202,65,27,7,12,8,3,4,0.26,14,0.194,0.5,7,578577
1641766,adama sanogo,CHI,23,4,21,8,6,5,1,0,0,1,0.571,0,0.0,0.0,-5,578577
1641737,adem bona,PHI,22,58,904,337,245,92,27,26,69,61,0.703,0,0.0,0.67,-112,1955377
1642349,ajay mitchell,OKC,23,36,596,234,68,18,64,25,4,29,0.495,23,0.383,0.829,127,3000000
201143,al horford,BOS,39,60,1658,538,369,79,128,36,51,46,0.423,114,0.363,0.895,397,9500000
202692,alec burks,MIA,33,49,863,356,124,15,55,28,7,29,0.424,88,0.425,0.776,110,3304000
1627936,alex caruso,OKC,31,54,1040,382,159,38,137,87,30,37,0.446,60,0.353,0.824,321,18102100
1642505,alex ducas,OKC,24,21,125,36,26,9,5,5,0,4,0.4,10,0.476,1.0,-22,102994
203458,alex len,LAL,32,46,379,74,95,38,38,9,21,20,0.508,2,0.222,0.471,-153,1177206
1642024,alex reese,PHI,26,15,216,76,47,9,4,10,10,6,0.481,15,0.366,0.75,19,170508
1642259,alex sarr,WAS,20,67,1814,869,435,124,161,44,101,114,0.394,105,0.308,0.679,-546,11808240
1631214,alondes williams,DET,26,1,3,5,0,0,1,0,0,0,1.0,1,1.0,0.0,6,244502
1630578,alperen sengun,HOU,22,76,2394,1451,786,262,372,84,61,194,0.496,21,0.233,0.692,410,33944954
1641708,amen thompson,HOU,22,69,2225,970,564,192,265,97,89,138,0.557,25,0.275,0.684,268,9690212
1629599,amir coffey,LAC,28,72,1747,696,161,32,77,40,7,45,0.471,101,0.409,0.891,-66,3938271
203083,andre drummond,PHI,31,40,750,293,310,109,34,39,18,55,0.5,3,0.15,0.622,-245,5000000
1641748,andre jackson jr.,MIL,23,67,980,230,182,65,83,34,14,58,0.477,30,0.395,0.5,-33,2221677
1629614,andrew nembhard,IND,25,65,1880,653,216,34,326,79,11,112,0.458,51,0.291,0.794,204,18102000
203952,andrew wiggins,MIA,30,60,1842,1078,269,89,158,60,50,99,0.448,130,0.374,0.763,-100,28223215
1629014,anfernee simons,POR,26,70,2291,1348,189,25,337,60,5,143,0.426,215,0.363,0.902,-220,27678571
1641710,anthony black,ORL,21,78,1886,736,230,52,240,86,48,139,0.423,62,0.318,0.761,-40,7970028
203076,anthony davis,DAL,32,51,1705,1261,590,134,181,59,110,113,0.516,35,0.282,0.775,25,57604894
1630162,anthony edwards,MIN,23,79,2871,2177,450,61,359,91,51,249,0.447,320,0.395,0.837,291,45550512
1630264,anthony gill,WAS,32,51,397,129,66,18,16,9,2,10,0.489,10,0.323,0.66,-73,1997238
1641817,anton watson,NYK,24,9,22,8,3,1,2,1,0,2,0.444,0,0.0,0.0,-9,578577
1641810,antonio reeves,NOP,22,44,659,305,63,18,39,21,4,30,0.456,51,0.395,0.8,-150,1960000
1630574,ariel hukporti,NYK,23,25,217,48,51,14,11,1,15,21,0.677,0,0.0,0.462,-63,1955377
1642422,armel traore,LAL,22,9,66,14,15,2,1,4,2,3,0.316,0,0.0,0.286,-49,578577
1641709,ausar thompson,DET,22,59,1327,594,303,111,134,98,40,80,0.535,11,0.224,0.641,67,8775162
1630559,austin reaves,LAL,27,73,2550,1475,329,61,421,81,22,177,0.46,200,0.377,0.877,195,13937574
1630245,ayo dosunmu,CHI,25,46,1393,566,161,26,208,43,18,69,0.492,62,0.328,0.785,-234,7518518
1628389,bam adebayo,MIA,27,78,2673,1410,749,185,337,98,53,161,0.485,79,0.357,0.765,27,37096620
1631248,baylor scheierman,BOS,24,31,383,113,65,19,33,17,2,12,0.355,26,0.317,0.75,29,2619000
1641767,ben sheppard,IND,23,63,1229,332,177,44,85,38,14,22,0.418,68,0.342,0.889,-59,2790720
1627732,ben simmons,LAC,28,51,1119,256,241,47,285,38,23,102,0.52,0,0.0,0.727,-56,1082061
1631097,bennedict mathurin,IND,23,72,2149,1156,383,87,136,47,24,135,0.458,98,0.34,0.831,94,9187573
1641731,bilal coulibaly,WAS,20,59,1947,727,294,91,199,78,41,125,0.421,63,0.281,0.746,-587,7275682
202687,bismack biyombo,SAS,32,28,527,144,158,43,31,16,23,27,0.588,0,0.0,0.4,-100,797462
1631104,blake wesley,SAS,22,58,683,217,61,17,114,37,6,54,0.435,17,0.293,0.623,-9,4726328
1626171,bobby portis,MIL,30,49,1243,680,411,90,104,35,26,57,0.466,65,0.365,0.836,95,13445754
1641752,bobi klintman,DET,22,8,42,15,7,1,7,2,1,1,0.6,2,0.4,0.5,0,1955377
203992,bogdan bogdanovic,LAC,32,54,1347,583,159,24,146,41,11,74,0.427,105,0.363,0.879,106,16020000
1629626,bol bol,PHX,25,36,448,244,104,20,22,9,25,20,0.525,32,0.344,0.769,-37,2425403
1630538,bones hyland,MIN,24,24,238,149,25,5,32,18,4,25,0.398,32,0.39,0.885,-31,2296274
203078,bradley beal,PHX,32,53,1702,902,177,34,195,58,28,99,0.497,102,0.386,0.803,-273,53666270
1642382,branden carlson,OKC,26,32,246,122,54,17,14,5,21,7,0.443,22,0.333,0.778,41,365767
1641764,brandin podziemski,GSW,22,64,1716,747,325,65,220,69,13,75,0.445,115,0.372,0.758,261,3687960
1630527,brandon boston,NOP,23,42,992,448,134,28,92,53,9,52,0.436,49,0.35,0.788,-140,1473080
1629634,brandon clarke,MEM,28,64,1206,534,326,127,66,52,36,41,0.621,1,0.059,0.701,181,12500000
1627742,brandon ingram,TOR,27,18,595,400,100,17,93,16,11,69,0.465,43,0.374,0.855,-128,38095238
1641706,brandon miller,CHA,22,27,923,568,131,25,98,29,20,76,0.403,104,0.355,0.861,-124,11968400
1630314,brandon williams,DAL,25,33,487,275,58,12,76,24,5,39,0.521,24,0.4,0.833,10,2270735
1630296,braxton key,GSW,28,3,10,3,2,1,0,2,0,1,0.0,0,0.0,0.5,-8,136331
1641729,brice sensabaugh,UTA,21,71,1431,772,210,42,110,46,8,107,0.459,157,0.422,0.89,-285,2693460
1642355,bronny james,LAL,20,27,181,62,18,4,22,9,3,13,0.313,9,0.281,0.786,-71,1955377
201572,brook lopez,MIL,37,80,2546,1041,401,113,143,50,148,84,0.509,139,0.373,0.826,134,8750000
1628971,bruce brown,NOP,28,41,921,340,164,40,84,34,10,39,0.421,27,0.333,0.815,-226,3080921
1628981,bruno fernando,TOR,26,17,146,58,51,21,18,4,9,14,0.531,0,0.0,0.75,-22,2717391
1631121,bryce mcgowens,POR,22,13,32,13,3,2,2,1,0,4,0.286,0,0.0,0.833,-4,578577
1642267,bub carrington,WAS,19,82,2457,807,341,33,364,54,21,141,0.401,138,0.339,0.812,-798,4677600
1627741,buddy hield,GSW,32,82,1862,912,264,51,134,69,23,91,0.417,203,0.37,0.828,141,9219512
203468,cj mccollum,NOP,33,56,1831,1183,212,42,227,46,24,106,0.444,171,0.373,0.717,-279,30666666
1630595,cade cunningham,DET,23,70,2451,1830,425,56,638,71,53,309,0.469,149,0.356,0.846,175,46394100
1631216,caleb houstan,ORL,22,58,787,239,75,19,35,22,6,13,0.421,64,0.4,0.882,-66,2019699
1628997,caleb martin,DAL,29,45,1218,356,177,53,95,46,23,56,0.424,37,0.359,0.622,-155,9594044
1642353,cam christie,LAC,19,13,58,18,12,3,6,5,1,2,0.292,2,0.154,0.5,-10,1955377
1629629,cam reddish,LAL,25,33,589,105,66,17,22,33,10,12,0.404,13,0.277,0.615,-91,2460000
1642285,cam spencer,MEM,25,25,252,106,30,12,34,9,1,6,0.415,19,0.365,1.0,40,2048494
1630560,cam thomas,BKN,23,25,781,599,83,15,94,15,2,62,0.438,68,0.349,0.881,-92,4041249
1641715,cam whitmore,HOU,20,51,826,477,151,36,49,31,13,46,0.444,65,0.355,0.75,-1,3539760
1629661,cameron johnson,BKN,29,57,1799,1070,247,54,194,53,25,99,0.475,159,0.39,0.893,-200,21057065
1626166,cameron payne,NYK,30,72,1089,500,104,14,203,39,16,52,0.401,93,0.363,0.907,204,30003000
1627747,caris levert,ATL,30,64,1596,776,203,41,215,57,33,76,0.467,106,0.373,0.71,258,14104000
1641717,cason wallace,OKC,21,68,1876,568,229,71,173,120,35,59,0.474,74,0.356,0.811,369,5820487
1629646,charles bassey,SAS,24,36,375,157,152,56,17,14,30,23,0.581,0,0.0,0.636,-129,2162606
1631096,chet holmgren,OKC,23,32,876,479,257,48,63,23,71,56,0.49,44,0.379,0.754,294,13731368
1628449,chris boucher,TOR,32,50,862,502,224,70,33,24,25,29,0.492,70,0.363,0.782,5,11750000
1630537,chris duarte,CHI,28,17,74,36,20,5,9,0,0,1,0.462,6,0.4,0.75,12,4426132
1641753,chris livingston,MIL,21,21,105,30,35,10,5,5,0,6,0.333,0,0.0,0.75,-29,2296274
101108,chris paul,SAS,40,82,2292,723,296,33,605,103,22,129,0.427,140,0.377,0.924,4,10460000
1631128,christian braun,DEN,24,79,2675,1218,410,98,205,85,37,81,0.58,89,0.397,0.827,480,4921797
1631132,christian koloko,LAL,25,37,341,90,92,35,16,8,16,12,0.606,0,0.0,0.714,-7,1746521
1629643,chuma okeke,CLE,26,9,196,53,47,21,15,5,4,3,0.5,11,0.393,0.667,-28,5266712
203991,clint capela,ATL,31,55,1176,488,469,174,62,34,53,47,0.559,0,0.0,0.536,-79,6700000
1629632,coby white,CHI,25,74,2450,1509,273,25,330,69,16,177,0.453,216,0.37,0.902,-141,12888889
1628998,cody martin,PHX,29,53,1173,358,224,53,105,56,32,51,0.418,43,0.285,0.705,-105,7840000
1642262,cody williams,UTA,20,50,1059,230,113,27,59,23,16,44,0.323,35,0.259,0.725,-339,5742480
1641732,colby jones,WAS,23,39,514,157,87,21,44,26,13,23,0.457,16,0.327,0.657,-112,2192070
1630175,cole anthony,MEM,25,67,1234,630,204,46,191,45,32,103,0.424,77,0.353,0.823,-16,6152298
1631306,cole swider,TOR,26,10,169,59,27,5,3,4,2,4,0.349,15,0.319,0.0,54,580000
1630658,colin castleton,TOR,25,26,431,123,122,53,28,8,10,23,0.469,2,0.125,0.763,-30,2191897
1631221,collin gillespie,PHX,26,33,461,194,78,22,78,21,5,17,0.43,39,0.433,0.864,-29,2378870
1629012,collin sexton,UTA,26,63,1757,1159,171,60,264,47,6,160,0.48,110,0.406,0.865,-286,18975000
1630557,corey kispert,WAS,26,61,1601,705,181,36,103,26,14,64,0.451,120,0.364,0.852,-274,13975000
202709,cory joseph,ORL,33,50,611,177,74,17,72,26,4,18,0.403,39,0.364,0.778,35,3386366
1641854,craig porter jr.,CLE,25,51,513,188,67,19,71,17,15,38,0.514,21,0.438,0.719,-45,2221677
1642385,cui yongxi,BKN,22,5,10,3,2,0,0,0,0,0,0.143,0,0.0,0.5,2,578677
1626156,d'angelo russell,BKN,29,58,1480,732,162,20,297,56,23,108,0.39,113,0.314,0.834,0,5685000
1630618,dj carton,TOR,24,4,33,3,4,0,3,2,0,4,0.143,0,0.0,1.0,12,289289
1629610,daquan jeffries,CHA,27,47,1071,315,135,37,53,26,25,35,0.405,55,0.335,0.8,-276,2743776
1631342,daeqwon plowden,ATL,26,6,71,43,11,4,2,0,0,4,0.64,9,0.529,1.0,29,578577
1630227,daishen nix,MIN,23,3,13,1,4,0,3,0,0,4,0.0,0,0.0,0.5,9,124288
1630625,dalano banton,POR,25,67,1119,559,135,30,160,43,34,86,0.391,72,0.324,0.728,-55,219697
1631207,dalen terry,CHI,22,73,987,326,124,38,97,44,15,53,0.448,37,0.356,0.71,-172,5399118
1642261,dalton knecht,LAL,24,78,1493,706,216,37,66,24,8,37,0.461,128,0.376,0.762,-73,4010160
203081,damian lillard,MIL,34,58,2092,1447,272,29,410,70,10,162,0.448,197,0.376,0.921,53,22516603
1641878,damion baugh,CHA,24,15,370,109,50,14,56,15,2,31,0.323,12,0.214,0.867,-169,636434
1627814,damion lee,PHX,32,25,144,83,20,3,11,6,0,10,0.365,9,0.243,0.952,25,2801834
1629655,daniel gafford,DAL,26,57,1226,701,388,155,80,23,102,66,0.702,0,0.0,0.689,35,14386320
1628464,daniel theis,NOP,33,38,621,162,164,44,60,18,20,25,0.473,9,0.243,0.838,-61,2800834
1642450,daniss jenkins,DET,23,7,22,7,2,0,3,0,0,1,0.3,1,0.143,0.0,-9,578577
203957,dante exum,DAL,29,20,372,174,33,4,56,12,3,22,0.478,23,0.434,0.742,-48,3303774
203967,dario saric,DEN,31,16,210,56,50,14,23,7,1,15,0.362,7,0.269,0.7,-49,5426400
1641727,dariq whitehead,BKN,20,20,246,114,29,4,12,6,1,15,0.406,33,0.446,0.6,-64,3262644
1629636,darius garland,CLE,25,75,2300,1544,214,47,506,91,11,189,0.472,212,0.401,0.878,499,39446090
1630561,david duke jr.,SAS,25,6,33,16,5,1,4,1,0,2,0.429,3,0.5,0.5,28,578577
1631223,david roddy,HOU,24,33,409,153,84,13,35,14,9,22,0.456,19,0.311,0.769,-76,2464170
1630558,davion mitchell,MIA,26,74,2027,588,167,35,363,72,16,128,0.468,84,0.398,0.69,-3,11600000
1630549,day'ron sharpe,BKN,23,50,907,397,330,149,91,41,42,63,0.521,11,0.244,0.757,64,6000000
1628368,de'aaron fox,SAS,27,62,2241,1459,298,54,392,91,25,174,0.463,118,0.31,0.827,-69,37096620
1629631,de'andre hunter,CLE,27,64,1740,1088,258,44,92,50,13,82,0.47,157,0.405,0.846,88,23303571
1629001,de'anthony melton,BKN,27,6,120,62,20,6,17,7,2,10,0.407,13,0.371,0.625,27,12822000
201599,deandre jordan,DEN,36,56,690,209,284,84,53,16,27,40,0.65,0,0.0,0.422,-47,2296274
201942,demar derozan,SAC,35,77,2767,1710,298,50,342,62,32,105,0.477,84,0.328,0.857,110,24570000
1629731,dean wade,CLE,28,59,1252,320,249,51,76,42,20,22,0.413,80,0.36,0.533,284,6623456
1629028,deandre ayton,POR,26,40,1205,576,406,124,64,31,39,69,0.566,6,0.188,0.667,-162,33654814
1627749,dejounte murray,NOP,28,31,1012,542,200,17,228,63,12,106,0.393,52,0.299,0.823,-207,30801103
1626153,delon wright,NYK,33,40,634,125,66,27,77,35,12,22,0.344,20,0.274,0.6,1,2296271
1630166,deni avdija,POR,24,72,2161,1219,522,110,281,71,35,196,0.476,125,0.365,0.78,-78,14375000
203471,dennis schroder,DET,31,75,2104,980,198,27,404,66,12,142,0.406,127,0.342,0.838,-72,14104000
1641726,dereck lively ii,DAL,21,36,832,314,270,104,85,20,56,41,0.702,0,0.0,0.63,121,5253360
1627884,derrick jones jr.,LAC,28,77,1873,781,263,93,60,79,33,66,0.526,78,0.356,0.703,249,10000000
1628401,derrick white,BOS,30,76,2573,1248,341,67,361,72,80,131,0.442,265,0.384,0.839,540,28100000
1630217,desmond bane,ORL,27,69,2205,1327,418,62,369,80,28,169,0.484,164,0.392,0.894,143,36725670
1626164,devin booker,PHX,28,75,2794,1923,305,76,529,67,16,220,0.461,183,0.332,0.894,-177,53142264
1642269,devin carter,SAC,23,36,395,138,76,19,41,21,4,18,0.37,18,0.295,0.591,43,4923720
1630170,devin vassell,SAS,24,64,1983,1041,255,34,183,84,33,88,0.443,158,0.368,0.792,-262,27000000
1628415,dillon brooks,HOU,29,75,2388,1053,275,75,128,60,16,76,0.429,186,0.397,0.818,207,22124110
1641794,dillon jones,OKC,23,54,551,135,121,30,58,16,4,28,0.383,16,0.254,0.607,75,2753280
1627734,domantas sabonis,SAC,29,70,2428,1337,972,267,423,48,26,202,0.59,65,0.417,0.754,144,42336000
1631230,dominick barlow,ATL,22,35,374,148,85,35,19,9,16,5,0.531,7,0.259,0.636,-2,636435
1642270,donovan clingan,POR,21,67,1323,436,527,217,77,34,110,72,0.539,14,0.286,0.596,-2,7178400
1628378,donovan mitchell,CLE,28,71,2232,1701,322,57,354,95,17,149,0.443,233,0.368,0.823,522,48787676
1628978,donte divincenzo,MIN,28,62,1605,723,228,32,225,73,17,99,0.422,174,0.397,0.778,174,11990000
1627827,dorian finney-smith,LAL,32,63,1818,549,247,80,90,58,23,56,0.448,129,0.411,0.667,309,12700000
203926,doug mcdermott,SAC,33,42,341,147,22,3,7,4,2,6,0.427,44,0.436,0.6,27,2296274
203110,draymond green,GSW,35,68,1983,613,414,74,383,99,70,174,0.424,80,0.325,0.687,275,25892857
1629234,drew eubanks,LAC,28,61,746,280,226,60,54,12,39,41,0.593,3,0.5,0.662,-126,3080921
1641809,drew peterson,BOS,25,25,186,54,40,9,13,5,2,8,0.415,13,0.394,0.778,46,636434
1631166,drew timme,BKN,24,9,253,109,65,17,20,4,1,15,0.441,9,0.257,0.625,-66,1955377
1630696,dru smith,MIA,27,14,268,87,36,12,23,21,6,17,0.508,16,0.533,0.75,38,578577
1629130,duncan robinson,MIA,31,74,1785,817,167,18,176,40,6,86,0.437,190,0.393,0.887,66,16834692
1641871,duop reath,POR,29,46,469,194,92,44,26,12,14,16,0.422,34,0.321,0.909,-55,2221677
203939,dwight powell,DAL,33,55,550,114,118,47,55,18,21,18,0.689,2,0.4,0.651,-14,4000000
1630700,dyson daniels,ATL,22,76,2571,1073,449,124,333,229,55,155,0.493,80,0.34,0.593,-65,7707709
1630604,e.j. liddell,CHI,24,12,52,21,9,3,3,1,1,2,0.533,3,0.3,1.0,-8,706898
203901,elfrid payton,NOP,31,24,510,85,79,15,166,24,11,59,0.328,1,0.167,0.571,-149,1602563
1641989,elijah harkless,UTA,25,10,138,32,21,9,8,10,1,3,0.314,7,0.28,0.5,31,636434
1641801,emanuel miller,CHI,25,6,24,10,8,4,2,1,0,0,0.5,0,0.0,1.0,-8,636435
1641734,emoni bates,CLE,21,10,74,37,7,0,8,1,1,2,0.342,11,0.367,0.0,-34,578577
1642402,enrique freeman,IND,24,22,181,46,30,11,9,3,3,6,0.432,1,0.1,0.684,-19,578577
201569,eric gordon,PHI,36,39,768,266,46,8,65,26,12,28,0.426,56,0.409,0.75,-72,3634153
1630596,evan mobley,CLE,24,71,2166,1316,659,164,226,61,113,145,0.557,85,0.37,0.725,546,46394100
1630532,franz wagner,ORL,23,60,2023,1449,342,56,284,75,21,138,0.463,104,0.295,0.871,247,38661700
1627832,fred vanvleet,HOU,31,60,2111,844,221,32,333,94,25,87,0.378,159,0.345,0.81,264,25000000
1641713,gg jackson,MEM,20,29,458,209,92,27,29,12,5,31,0.372,32,0.337,0.725,-68,2221677
1629216,gabe vincent,LAL,29,72,1527,460,92,20,98,51,13,41,0.4,109,0.353,0.714,48,11500000
202066,garrett temple,TOR,39,28,226,53,29,9,31,17,2,10,0.3,6,0.214,0.917,-28,3634153
1629726,garrison mathews,ATL,28,47,829,353,87,13,60,26,15,31,0.397,85,0.39,0.821,-60,2230253
203914,gary harris,ORL,30,48,710,145,64,20,30,26,12,17,0.383,36,0.356,0.583,86,3634153
1627780,gary payton ii,GSW,32,62,927,400,185,53,83,52,17,39,0.574,31,0.326,0.711,45,9130000
1629018,gary trent jr.,MIL,26,74,1893,824,168,20,87,72,4,42,0.431,180,0.416,0.848,70,3697105
1627777,georges niang,ATL,32,79,1697,784,272,47,111,28,14,82,0.461,166,0.406,0.793,194,8200000
203507,giannis antetokounmpo,MIL,30,67,2288,2036,798,147,433,58,78,206,0.601,14,0.222,0.617,334,57604894
1629048,goga bitadze,ORL,25,70,1429,502,463,167,137,49,98,72,0.611,3,0.107,0.639,80,8333333
1641711,gradey dick,TOR,21,54,1587,777,193,44,98,48,10,83,0.41,114,0.35,0.858,-210,4990379
1629684,grant williams,CHA,26,16,479,166,82,18,37,18,13,28,0.439,27,0.365,0.838,10,13645500
1628960,grayson allen,PHX,29,64,1543,680,194,34,137,54,19,75,0.448,149,0.426,0.816,-79,16875000
1627824,guerschon yabusele,PHI,29,70,1894,768,395,134,148,58,24,87,0.501,104,0.38,0.725,-118,5500000
1630611,gui santos,GSW,23,56,761,227,172,72,80,25,10,42,0.458,34,0.33,0.69,165,2221677
203084,harrison barnes,SAS,33,82,2230,1011,310,97,136,39,14,50,0.508,156,0.433,0.809,-25,19000000
1631127,harrison ingram,SAS,22,5,34,4,9,2,3,3,0,1,0.5,0,0.0,0.0,30,578577
1629312,haywood highsmith,MIA,28,74,1818,478,252,72,112,68,37,54,0.458,89,0.382,0.721,61,5616000
1630529,herbert jones,NOP,26,20,648,205,78,22,65,37,9,35,0.436,22,0.306,0.825,-20,13937574
1641816,hunter tyson,DEN,25,51,399,134,78,25,20,10,6,14,0.375,23,0.311,0.75,-98,2221677
1630193,immanuel quickley,TOR,26,33,917,564,117,16,191,23,4,58,0.42,85,0.378,0.867,-39,32500000
1642403,isaac jones,SAC,24,40,303,134,57,22,12,5,10,16,0.651,3,0.375,0.639,-64,1955377
1630171,isaac okoro,CLE,24,55,1053,337,130,49,68,32,16,23,0.464,56,0.371,0.717,253,11000000
1642268,isaiah collier,UTA,20,71,1839,615,235,32,446,66,16,208,0.422,42,0.249,0.682,-403,2638200
1642384,isaiah crawford,SAC,23,15,45,13,8,1,1,1,2,1,0.455,1,0.2,0.5,23,578577
1628392,isaiah hartenstein,OKC,27,57,1589,637,611,163,219,47,62,96,0.581,0,0.0,0.675,417,28500000
1630543,isaiah jackson,IND,23,5,83,35,28,11,5,3,8,5,0.609,0,0.0,0.5,10,7600000
1630198,isaiah joe,OKC,25,74,1603,756,196,41,119,48,9,38,0.44,192,0.412,0.821,550,12362338
1630600,isaiah mobley,PHI,25,1,17,6,4,1,5,1,1,0,0.286,1,0.333,0.5,-6,2087519
1641815,isaiah stevens,MIA,24,3,5,0,2,0,0,1,0,0,0.0,0,0.0,0.0,4,636435
1630191,isaiah stewart,DET,24,72,1433,435,399,130,123,28,101,68,0.559,17,0.321,0.759,9,15000000
1631209,isaiah wong,CHA,24,20,265,120,32,14,28,11,0,18,0.39,13,0.394,0.735,-6,427879
1627826,ivica zubac,LAC,28,80,2624,1340,1010,300,214,55,90,127,0.628,0,0.0,0.661,514,18102000
1631120,jd davison,BOS,22,16,92,33,13,2,13,5,1,13,0.353,4,0.222,0.714,-28,2270735
1630550,jt thor,WAS,22,20,249,71,48,20,6,8,9,9,0.424,6,0.286,0.682,-96,1836096
1629630,ja morant,MEM,25,50,1519,1159,205,34,364,61,12,185,0.454,88,0.309,0.824,226,39446090
1642266,ja'kobe walter,TOR,20,52,1103,449,160,59,81,43,10,50,0.405,65,0.349,0.795,-83,3638160
1631095,jabari smith jr.,HOU,22,57,1715,698,399,105,60,25,41,61,0.438,98,0.354,0.825,250,12350392
1631133,jabari walker,POR,22,60,749,313,211,59,37,33,6,34,0.515,28,0.389,0.69,15,636435
1629098,jack mcveigh,HOU,29,9,43,14,5,2,1,0,2,2,0.294,4,0.308,0.0,-10,578577
1642050,jackson rowe,GSW,28,6,51,22,11,3,4,4,0,1,0.471,3,0.3,0.5,23,636434
1631210,jacob toppin,ATL,25,17,75,23,15,3,6,2,0,3,0.409,5,0.5,0.0,-25,636435
1630702,jaden hardy,DAL,22,57,907,496,89,9,81,28,5,82,0.435,76,0.386,0.698,-65,6000000
1631093,jaden ivey,DET,23,30,898,528,124,40,119,28,11,89,0.46,63,0.409,0.733,-62,10107163
1630183,jaden mcdaniels,MIN,24,82,2614,1000,470,129,163,110,74,95,0.477,100,0.33,0.813,172,24393104
1630531,jaden springer,UTA,22,43,365,109,58,17,33,24,4,16,0.389,12,0.25,0.711,-32,2349578
203109,jae crowder,SAC,34,9,102,23,20,6,6,3,0,4,0.318,4,0.267,0.833,-18,2620000
1630256,jae'sean tate,HOU,29,52,588,188,117,50,47,26,7,22,0.473,16,0.348,0.681,51,2667947
1626143,jahlil okafor,IND,29,1,3,0,1,0,1,0,0,0,0.0,0,0.0,0.0,5,2613120
1642443,jahmir young,CHI,24,6,29,11,3,1,6,0,0,1,0.8,1,0.5,1.0,-7,977689
1631170,jaime jaquez jr.,MIA,24,66,1368,570,290,84,166,61,14,98,0.461,37,0.311,0.754,-152,3861600
1631222,jake laravia,SAC,23,66,1349,458,259,90,158,62,23,86,0.475,60,0.423,0.678,126,6000000
1627751,jakob poeltl,TOR,29,57,1685,824,547,189,158,66,71,111,0.627,1,0.333,0.674,-37,19500000
1641779,jalen bridges,PHX,24,8,30,9,4,0,0,0,0,4,0.286,2,0.286,0.75,7,578577
1628973,jalen brunson,NYK,28,65,2300,1690,187,27,475,60,8,164,0.488,152,0.383,0.821,146,34944001
1631105,jalen duren,DET,21,78,2033,918,807,277,209,54,89,136,0.692,0,0.0,0.669,36,6483144
1630224,jalen green,HOU,23,82,2697,1723,377,45,282,71,27,203,0.423,234,0.354,0.813,166,33333333
1641720,jalen hood-schifino,PHI,22,15,314,106,27,3,37,5,7,18,0.378,14,0.304,0.857,-96,4470702
1630552,jalen johnson,ATL,23,36,1284,680,359,62,181,56,36,106,0.5,44,0.312,0.746,55,30000000
1629667,jalen mcdaniels,WAS,27,4,7,0,0,0,1,1,0,0,0.0,0,0.0,0.0,-1,139391
1629618,jalen pickett,DEN,25,49,666,200,71,15,107,19,5,24,0.428,40,0.396,0.75,52,2221677
1630188,jalen smith,CHI,25,64,962,524,357,89,65,17,44,37,0.466,72,0.324,0.809,-36,9000000
1630591,jalen suggs,ORL,24,35,1002,567,141,23,129,51,33,102,0.41,76,0.314,0.882,3,35000000
1631114,jalen williams,OKC,24,69,2236,1490,369,59,354,111,46,150,0.484,124,0.365,0.789,456,6580997
1630592,jalen wilson,BKN,24,79,2031,749,270,75,145,40,5,79,0.397,122,0.337,0.818,-262,2221677
1631288,jamal cain,NOP,26,37,501,196,85,27,22,23,9,22,0.43,26,0.325,0.68,-132,578577
1627750,jamal murray,DEN,28,67,2418,1436,261,45,403,91,33,138,0.474,156,0.393,0.886,331,46394100
1642347,jamal shead,TOR,22,75,1466,533,115,30,316,58,10,117,0.405,72,0.323,0.768,-234,1955377
1631123,jamaree bouyea,MIL,26,5,61,17,5,1,10,4,2,8,0.5,1,0.2,0.667,2,977689
201935,james harden,LAC,35,79,2789,1802,456,55,687,118,55,341,0.41,235,0.352,0.874,344,39182693
201949,james johnson,IND,38,12,36,8,6,0,4,0,2,4,0.364,0,0.0,0.0,-9,2296274
1630164,james wiseman,IND,24,1,4,6,1,0,0,0,0,0,0.5,0,0.0,1.0,-4,2667947
1642419,jamison battle,TOR,24,59,1041,419,158,37,53,17,10,27,0.429,105,0.405,0.889,-183,1955377
1641716,jarace walker,IND,21,75,1186,461,229,25,110,54,25,78,0.472,75,0.405,0.667,-146,6665406
1630215,jared butler,PHI,24,60,1043,541,110,25,220,42,13,80,0.448,60,0.355,0.824,-131,1547652
1642272,jared mccain,PHI,21,23,591,352,56,13,60,15,0,37,0.46,51,0.383,0.875,-27,4221360
1631197,jared rhoden,TOR,25,14,226,118,42,14,16,10,2,9,0.483,12,0.308,0.88,64,135120
1628991,jaren jackson jr.,MEM,25,74,2206,1641,417,91,148,92,113,153,0.488,146,0.375,0.781,331,35000000
1629020,jarred vanderbilt,LAL,26,36,580,147,182,68,41,35,10,29,0.488,9,0.281,0.556,35,11571429
1628386,jarrett allen,CLE,27,82,2296,1103,798,216,158,77,73,97,0.706,0,0.0,0.718,514,20000000
1629750,javonte green,CLE,31,68,1257,347,218,59,56,65,31,32,0.429,46,0.326,0.724,-212,2296274
1629637,jaxson hayes,LAL,25,56,1092,383,269,78,58,31,51,43,0.722,0,0.0,0.622,87,3449323
1630643,jay huff,MEM,27,64,748,439,129,30,38,16,56,34,0.515,81,0.405,0.786,25,2349578
1627759,jaylen brown,BOS,28,63,2157,1398,368,82,286,73,19,162,0.463,116,0.324,0.764,402,53142264
1641740,jaylen clark,MIN,23,40,521,163,53,26,26,36,2,8,0.467,22,0.431,0.784,44,2191897
1641798,jaylen martin,WAS,21,16,238,78,44,11,17,9,0,12,0.419,7,0.304,0.9,-131,636434
1629669,jaylen nowell,NOP,25,8,168,67,20,6,18,1,4,8,0.356,8,0.296,0.636,-42,195147
1631301,jaylen sims,CHA,26,6,111,42,6,3,12,3,1,8,0.429,6,0.4,0.8,-47,1157153
1642377,jaylen wells,MEM,21,79,2043,823,268,87,135,44,8,69,0.425,138,0.352,0.822,186,1955377
1631119,jaylin williams,OKC,23,47,784,278,262,48,120,22,29,35,0.439,61,0.399,0.767,302,8450704
1642281,jaylon tyson,CLE,22,47,452,167,96,37,44,13,3,26,0.43,20,0.345,0.792,-2,3492480
1628369,jayson tatum,BOS,27,72,2623,1932,623,48,431,76,38,209,0.452,250,0.343,0.814,534,54126450
1641789,jazian gortman,DAL,22,16,56,24,5,1,6,2,1,5,0.391,4,0.364,0.5,11,578577
1630288,jeff dowtin jr.,PHI,28,41,620,285,60,12,78,24,12,15,0.487,28,0.4,0.733,-103,578577
201145,jeff green,HOU,38,32,396,172,58,11,20,6,4,9,0.504,29,0.367,0.808,-38,3634153
203924,jerami grant,POR,31,47,1523,677,163,26,101,41,46,65,0.373,108,0.365,0.849,-202,32000001
1630526,jeremiah robinson-earl,NOP,24,66,1238,418,315,110,88,39,7,51,0.455,56,0.341,0.836,-331,2303001
1631110,jeremy sochan,SAS,22,54,1363,617,352,127,128,45,27,84,0.535,28,0.308,0.696,-88,7096231
1630579,jericho sims,MIL,26,53,631,98,197,71,33,10,19,33,0.634,0,0.0,0.615,25,2461463
1642399,jesse edwards,MIN,25,2,4,0,0,0,1,0,0,0,0.0,0,0.0,0.0,-10,636435
1641724,jett howard,ORL,21,60,701,267,70,20,44,13,11,36,0.374,55,0.296,0.696,-86,5529506
1628975,jevon carter,CHI,29,36,320,153,39,4,40,13,3,11,0.377,35,0.333,0.8,37,6809524
202710,jimmy butler iii,GSW,35,55,1746,964,296,125,298,77,18,74,0.504,32,0.308,0.842,246,54126450
1629111,jock landale,HOU,29,42,500,200,137,56,37,13,10,21,0.533,11,0.423,0.675,-25,2461463
204060,joe ingles,MIN,37,19,114,15,11,2,23,2,0,9,0.261,3,0.2,0.0,2,3634153
203954,joel embiid,PHI,31,19,574,452,155,36,85,14,18,62,0.444,23,0.299,0.882,-57,55224526
1628381,john collins,UTA,27,40,1220,758,327,89,80,39,40,103,0.527,59,0.399,0.848,-16,26580000
1629723,john konchar,MEM,29,46,558,112,151,37,42,30,14,16,0.451,23,0.371,0.875,58,6165000
1631098,johnny davis,WAS,23,34,241,80,38,10,11,15,6,7,0.41,7,0.241,0.6,-26,5474627
1642277,johnny furphy,IND,20,50,379,103,71,23,19,18,11,12,0.38,15,0.3,0.818,22,1955377
1630548,johnny juzang,UTA,24,64,1269,571,184,42,68,39,8,36,0.429,118,0.376,0.849,-357,2856313
202685,jonas valanciunas,SAC,33,81,1523,843,627,190,164,37,46,120,0.55,8,0.216,0.879,-304,10395000
1628371,jonathan isaac,ORL,27,71,1090,380,314,120,40,61,80,33,0.414,39,0.258,0.682,-38,15000000
1630228,jonathan kuminga,GSW,22,47,1144,719,217,56,104,38,21,71,0.454,46,0.305,0.668,8,22908921
1642367,jonathan mogbo,TOR,23,63,1285,389,311,109,146,55,34,70,0.438,17,0.243,0.732,-241,1955377
203903,jordan clarkson,UTA,33,37,962,600,118,25,138,31,9,86,0.408,84,0.362,0.797,-204,14285714
1630692,jordan goodwin,LAL,26,29,542,161,112,38,42,30,11,26,0.438,26,0.382,0.818,-11,2349578
1641722,jordan hawkins,NOP,23,56,1320,604,158,25,66,30,23,58,0.372,110,0.331,0.816,-317,4741216
1629162,jordan mclaughlin,SAS,29,46,314,98,30,6,51,16,1,16,0.431,19,0.413,0.773,57,2874436
1641757,jordan miller,LAC,25,37,420,152,58,23,34,17,5,26,0.433,8,0.211,0.8,-63,2048527
1629673,jordan poole,WAS,26,68,2000,1391,203,31,303,86,27,204,0.432,235,0.378,0.883,-558,31848215
1641775,jordan walsh,BOS,21,52,403,82,69,23,19,12,11,17,0.361,15,0.273,0.583,25,2221677
1630631,jose alvarado,NOP,27,56,1365,579,136,27,259,74,14,86,0.392,111,0.359,0.811,-232,4500000
1630528,josh christopher,MIA,23,14,69,28,9,0,8,5,3,6,0.355,2,0.182,0.667,-5,2296274
1630581,josh giddey,CHI,22,70,2116,1022,566,127,503,84,45,202,0.465,105,0.378,0.781,-68,25057101
1630182,josh green,CHA,24,68,1887,506,172,56,108,74,15,70,0.428,97,0.391,0.681,-364,13666667
1628404,josh hart,NYK,30,77,2896,1051,737,161,453,119,27,158,0.525,84,0.333,0.776,203,19472240
1631169,josh minott,MIN,22,46,276,119,47,12,18,15,12,11,0.489,14,0.326,0.895,-16,2378870
1629006,josh okogie,CHA,26,40,624,283,113,45,33,48,18,31,0.443,32,0.348,0.741,-13,7750000
1626196,josh richardson,MIA,31,8,149,32,12,6,12,8,1,8,0.289,6,0.273,1.0,-31,2971310
201950,jrue holiday,BOS,35,62,1896,686,265,76,239,66,27,77,0.443,108,0.353,0.909,339,32400000
1630577,julian champagnie,SAS,24,82,1932,815,318,67,111,61,35,74,0.415,178,0.371,0.904,-67,3000000
1641763,julian phillips,CHI,21,79,1122,366,169,67,39,38,20,27,0.446,50,0.327,0.789,30,2221677
1631124,julian strawther,DEN,23,65,1383,588,142,17,83,39,16,57,0.432,94,0.349,0.822,-71,2674148
203944,julius randle,MIN,30,69,2225,1288,487,144,323,47,16,196,0.485,108,0.344,0.806,166,30666667
1630551,justin champagnie,WAS,24,62,1340,544,351,112,60,65,39,54,0.511,74,0.383,0.685,-288,2349578
1642348,justin edwards,PHI,21,44,1154,445,148,46,69,45,16,49,0.455,69,0.363,0.696,-280,2048494
1631303,justin minaya,POR,26,19,100,18,10,5,7,6,1,5,0.381,2,0.2,0.0,-12,578577
203994,jusuf nurkic,CHA,30,51,1062,453,398,85,115,40,34,97,0.477,32,0.305,0.664,-184,19375000
1630231,kj martin,UTA,24,43,911,274,125,30,48,17,22,24,0.552,15,0.259,0.787,-142,8025000
1642354,kj simpson,CHA,22,36,842,282,109,39,112,34,6,56,0.346,33,0.254,0.82,-278,636434
1630539,kai jones,DAL,24,40,468,198,125,40,25,15,23,18,0.798,1,0.2,0.719,-21,2296274
1626157,karl-anthony towns,NYK,29,72,2516,1759,920,212,222,71,50,192,0.526,142,0.42,0.829,378,53142264
1631255,karlo matkovic,NOP,24,42,790,325,209,64,46,22,41,43,0.574,21,0.318,0.773,-89,1955377
202695,kawhi leonard,LAC,34,37,1179,796,219,35,116,59,17,72,0.498,78,0.411,0.81,296,50000000
1630811,keaton wallace,ATL,26,31,501,168,50,7,81,28,9,33,0.401,27,0.329,1.0,-19,578577
1631099,keegan murray,SAC,24,76,2610,942,507,146,109,61,69,60,0.444,154,0.343,0.833,46,11144093
1631232,keion brooks jr.,NOP,24,14,331,142,58,12,13,10,10,12,0.486,14,0.326,0.733,-145,1157153
1642276,kel'el ware,MIA,21,64,1422,595,473,116,60,39,71,57,0.554,35,0.315,0.687,39,4443360
1629640,keldon johnson,SAS,25,77,1837,979,371,112,125,49,22,77,0.482,87,0.318,0.773,-217,17500000
203482,kelly olynyk,NOP,34,44,890,384,206,62,128,33,19,76,0.5,33,0.418,0.769,-58,13445122
1626162,kelly oubre jr.,PHI,29,60,2078,906,368,97,108,92,30,80,0.47,71,0.293,0.751,-258,8382150
1629026,kenrich williams,OKC,30,69,1131,436,241,65,97,43,10,39,0.483,66,0.386,0.718,329,7163000
203484,kentavious caldwell-pope,MEM,32,77,2279,673,169,33,136,99,34,62,0.439,113,0.342,0.863,11,21621500
1631165,keon ellis,SAC,25,80,1948,666,212,60,120,121,63,71,0.489,139,0.433,0.849,64,2301587
1630553,keon johnson,BKN,23,79,1925,839,297,63,175,82,30,116,0.389,126,0.314,0.77,-423,2349578
1642352,keshad johnson,MIA,24,16,98,43,28,6,4,5,4,4,0.692,3,0.429,0.444,5,1955377
1630556,kessler edwards,DAL,24,40,608,168,115,22,42,19,20,16,0.496,22,0.407,0.923,-158,578577
201142,kevin durant,PHX,36,62,2264,1647,374,23,263,50,77,190,0.527,160,0.43,0.839,-38,54708608
1628989,kevin huerter,CHI,26,69,1678,681,205,30,156,66,23,67,0.425,132,0.338,0.714,104,17991071
1628995,kevin knox ii,GSW,25,14,83,46,17,7,5,2,4,4,0.5,4,0.267,0.75,-3,2296274
201567,kevin love,MIA,36,23,251,122,94,22,22,15,4,14,0.357,24,0.358,0.696,-25,4150000
1641755,kevin mccullar jr.,NYK,24,4,29,6,8,0,2,1,1,0,0.286,0,0.0,1.0,-2,578577
1629645,kevin porter jr.,MIL,25,75,1482,771,278,42,256,81,13,136,0.449,55,0.311,0.769,27,5134000
1626172,kevon looney,GSW,29,76,1142,344,462,185,118,46,37,39,0.514,2,0.4,0.566,117,8000000
1641718,keyonte george,UTA,21,67,2108,1125,253,26,377,46,9,183,0.391,174,0.343,0.818,-512,4278754
203114,khris middleton,WAS,33,37,843,440,137,13,150,35,8,56,0.475,48,0.361,0.857,39,33345679
1630165,killian hayes,BKN,23,6,162,54,18,5,31,4,4,9,0.419,8,0.381,0.833,-24,2237691
202691,klay thompson,DAL,35,72,1964,1005,246,44,145,50,30,88,0.412,216,0.391,0.905,-79,16666667
1641738,kobe brown,LAC,25,40,272,77,65,19,24,7,4,12,0.458,6,0.231,0.714,-53,2654692
1641723,kobe bufkin,ATL,21,10,123,53,21,5,17,3,2,8,0.383,4,0.211,0.722,-23,4503668
1627739,kris dunn,LAC,31,74,1782,474,251,53,210,128,27,74,0.439,75,0.335,0.682,262,5426400
1631200,kris murray,POR,24,69,1040,287,182,76,68,35,17,43,0.419,27,0.225,0.456,-50,3132000
204001,kristaps porzingis,BOS,29,42,1209,818,284,68,87,31,63,53,0.483,103,0.412,0.809,173,30731707
203937,kyle anderson,MIA,31,61,1002,357,206,53,145,40,33,37,0.469,25,0.357,0.738,-22,9219512
1642271,kyle filipowski,UTA,21,72,1521,690,440,112,140,48,22,102,0.502,77,0.35,0.65,-366,3000000
1628398,kyle kuzma,MIL,29,65,1936,964,370,54,152,36,19,146,0.436,96,0.307,0.634,-419,22410605
200768,kyle lowry,PHI,39,35,659,138,67,11,96,33,11,21,0.35,29,0.33,0.818,-71,3634153
1630283,kylor kelley,NOP,27,11,125,34,39,12,5,1,3,4,0.636,0,0.0,0.6,-75,66503
202681,kyrie irving,DAL,33,50,1803,1234,240,60,231,66,23,111,0.473,144,0.401,0.916,124,36566002
1642273,kyshawn george,WAS,21,68,1802,590,285,49,169,68,50,97,0.372,114,0.322,0.753,-361,2966760
1630163,lamelo ball,CHA,23,47,1504,1184,232,47,346,54,13,167,0.405,179,0.339,0.843,-130,37958760
1630205,lamar stevens,MEM,27,17,155,74,38,4,8,5,3,10,0.46,8,0.296,0.727,67,2296274
1629013,landry shamet,NYK,28,50,761,286,61,11,27,23,2,22,0.461,62,0.397,0.667,88,2296274
1626204,larry nance jr.,ATL,32,24,463,203,103,23,38,20,13,16,0.516,34,0.447,0.692,-95,2296274
1628374,lauri markkanen,UTA,28,47,1475,892,278,72,70,33,17,66,0.423,138,0.346,0.876,-186,46394100
2544,lebron james,LAL,40,70,2444,1710,546,72,575,70,39,260,0.513,149,0.376,0.782,-54,52627153
1631159,leonard miller,MIN,21,13,31,20,11,3,0,2,1,2,0.4,0,0.0,1.0,-12,2221677
1631311,lester quinones,NOP,24,13,183,86,19,4,24,3,2,14,0.397,13,0.295,0.846,-26,636434
1641857,liam robbins,MIL,25,13,56,9,12,7,2,2,2,6,0.25,0,0.0,0.5,-5,578577
1630322,lindy waters iii,DET,27,52,778,256,110,20,52,27,11,20,0.369,64,0.344,0.727,13,2303001
1629022,lonnie walker iv,PHI,26,20,476,247,63,6,50,10,5,25,0.42,45,0.354,0.8,-142,1860904
1628366,lonzo ball,CHI,27,35,777,267,118,25,115,47,17,41,0.366,67,0.344,0.815,100,10000000
1629652,luguentz dort,OKC,26,71,2073,719,293,89,115,79,39,51,0.435,170,0.412,0.717,547,18222222
1629029,luka doncic,LAL,26,50,1768,1408,409,40,383,89,21,179,0.45,177,0.368,0.782,344,45999660
1630568,luka garza,MIN,26,39,219,138,54,31,11,6,3,12,0.495,10,0.278,0.686,1,2461463
1628379,luke kennard,MEM,29,65,1471,576,183,37,215,50,5,72,0.478,113,0.433,0.895,122,11000000
1628436,luke kornet,BOS,29,73,1361,441,388,190,117,36,71,31,0.668,0,0.0,0.691,401,11000000
1631247,luke travers,CLE,23,12,87,12,20,8,8,1,1,8,0.25,0,0.0,1.0,-1,636435
1630644,mac mcclung,ORL,26,2,10,0,1,0,3,0,0,0,0.0,0,0.0,0.0,-2,2087519
1630201,malachi flynn,CHA,27,4,43,16,7,3,7,3,0,4,0.385,1,0.25,0.833,1,2237691
1631103,malaki branham,SAS,22,47,426,235,51,7,38,11,2,34,0.458,34,0.405,0.818,-33,4962033
1627763,malcolm brogdon,WAS,32,24,564,305,91,21,98,13,5,38,0.433,16,0.286,0.88,-121,22500000
1642502,malevy leons,OKC,25,6,20,2,3,1,1,0,0,1,0.0,0,0.0,0.5,-18,1097300
1627736,malik beasley,DET,28,82,2282,1336,214,47,139,73,5,83,0.43,319,0.416,0.679,175,7200000
1628370,malik monk,SAC,27,65,2054,1117,245,30,362,61,38,159,0.439,139,0.325,0.865,116,18797619
1630699,marjon beauchamp,NYK,24,35,156,79,44,11,11,4,1,15,0.415,10,0.345,0.75,9,2733720
1630542,marcus bagley,PHI,23,10,253,67,70,23,10,9,12,7,0.391,5,0.156,0.8,-84,66503
1630585,marcus garrett,CHA,26,4,79,28,6,1,13,3,2,6,0.407,3,0.375,0.75,-39,1862265
1631204,marcus sasser,DET,24,57,810,375,69,18,133,37,4,54,0.463,58,0.382,0.843,41,2886431
203935,marcus smart,WAS,31,34,680,305,72,18,109,39,9,54,0.393,49,0.348,0.761,42,21586856
1631109,mark williams,CHA,23,44,1171,671,447,132,109,32,54,71,0.604,0,0.0,0.804,-301,6276531
1628365,markelle fultz,SAC,27,21,184,61,20,6,27,10,2,15,0.418,4,0.5,1.0,5,2296274
202693,markieff morris,LAL,35,15,164,56,23,3,21,2,3,5,0.3,9,0.25,0.833,-28,2296274
1628963,marvin bagley iii,MEM,26,31,265,136,84,38,11,9,8,12,0.519,3,0.158,0.657,-10,2296274
1630222,mason jones,SAC,26,10,45,23,9,2,11,0,1,1,0.5,1,0.125,0.8,1,578577
203486,mason plumlee,PHX,35,74,1300,333,455,116,134,33,47,59,0.619,0,0.0,0.648,54,3634153
1641824,matas buzelis,CHI,20,80,1511,688,278,55,79,29,75,74,0.454,96,0.361,0.815,-35,5455560
1629680,matisse thybulle,POR,28,15,312,112,52,14,28,33,9,13,0.477,21,0.438,0.467,1,11550000
1630346,matt ryan,NYK,28,19,67,28,8,0,3,2,0,3,0.323,6,0.316,1.0,-40,1988603
1631108,max christie,DAL,22,78,2127,749,258,38,146,64,31,88,0.427,115,0.366,0.855,-83,7714286
1629622,max strus,CLE,29,50,1272,471,217,53,158,26,12,54,0.442,113,0.386,0.824,221,15936452
1628467,maxi kleber,LAL,33,34,636,103,95,25,43,9,17,23,0.385,13,0.265,0.762,-17,11000000
1641721,maxwell lewis,BKN,22,28,327,116,55,18,19,9,7,14,0.417,19,0.38,0.7,-68,100000
1630695,micah potter,UTA,27,38,705,162,164,43,31,14,14,31,0.422,31,0.316,0.85,-104,578577
1629008,michael porter jr.,DEN,27,77,2593,1398,540,138,165,50,38,104,0.504,193,0.395,0.768,265,38333050
1628969,mikal bridges,NYK,28,82,3036,1444,259,71,306,75,43,132,0.5,164,0.354,0.814,334,24900000
201144,mike conley,MIN,37,71,1755,582,182,32,319,79,14,75,0.4,127,0.41,0.9,265,10774038
1628970,miles bridges,CHA,27,64,2028,1300,481,72,248,44,45,136,0.431,141,0.313,0.87,-259,25000000
1630540,miles mcbride,NYK,24,64,1593,611,161,47,187,67,17,41,0.406,115,0.369,0.813,211,4333333
1641936,miles norris,BOS,25,3,34,7,9,2,0,2,1,0,0.222,2,0.286,0.5,-14,636434
1629011,mitchell robinson,NYK,27,17,290,87,101,52,13,16,18,10,0.661,0,0.0,0.684,23,12954546
1628964,mo bamba,NOP,27,32,413,138,145,32,18,9,31,20,0.464,15,0.278,0.704,-75,2613120
1628420,monte morris,PHX,30,45,570,233,67,12,73,20,3,21,0.426,31,0.36,0.857,47,2800834
1629021,moritz wagner,ORL,28,30,564,386,148,40,42,24,12,49,0.562,27,0.36,0.718,-17,5000000
1629650,moses brown,DAL,25,13,118,76,44,12,2,6,4,11,0.694,0,0.0,0.727,-14,2382473
1630541,moses moody,GSW,23,74,1649,724,189,52,96,59,31,54,0.433,126,0.374,0.797,132,11574075
1631243,mouhamed gueye,ATL,22,33,532,197,139,44,27,28,33,15,0.421,21,0.259,0.762,87,2221677
1631217,moussa diabate,CHA,23,71,1240,403,438,187,56,46,40,61,0.596,0,0.0,0.595,-123,2270735
1626167,myles turner,IND,29,72,2173,1120,471,90,111,54,144,123,0.481,156,0.396,0.773,202,25318251
1642368,n'faly dante,HOU,23,4,50,24,21,6,2,1,5,2,0.769,0,0.0,0.8,-11,578577
1641772,nae'qwan tomlin,CLE,24,5,63,36,21,9,2,0,1,2,0.406,2,0.2,0.727,7,636434
1630230,naji marshall,DAL,27,69,1919,914,328,76,208,70,11,112,0.508,60,0.275,0.813,-137,9000000
1631466,nate williams,HOU,26,20,146,65,13,5,9,8,4,14,0.435,6,0.231,0.625,-24,578577
1629675,naz reid,MIN,25,80,2200,1138,480,92,181,58,72,108,0.462,175,0.379,0.776,340,21551724
1629674,neemias queta,BOS,25,62,863,310,236,89,45,18,42,40,0.65,0,0.0,0.754,155,2349578
1629651,nic claxton,BKN,26,70,1881,724,515,157,157,62,100,87,0.563,5,0.238,0.513,-497,25352272
1630208,nick richards,PHX,27,57,1256,529,466,148,49,14,55,81,0.591,0,0.0,0.744,-235,5000000
1641733,nick smith jr.,CHA,21,60,1368,591,128,13,145,17,6,82,0.391,104,0.34,0.935,-398,2710303
1629638,nickeil alexander-walker,MIN,26,82,2073,773,265,54,223,50,34,99,0.438,141,0.381,0.78,270,15161800
201587,nicolas batum,LAC,36,78,1367,313,218,47,84,52,36,34,0.437,88,0.433,0.81,152,5601600
203999,nikola jokic,DEN,30,70,2570,2071,892,200,716,127,45,230,0.576,138,0.417,0.8,594,55224526
1631107,nikola jovic,MIA,22,46,1155,494,180,26,131,38,13,60,0.456,78,0.371,0.828,-20,4445417
202696,nikola vucevic,CHI,34,73,2278,1349,735,178,256,61,52,119,0.53,129,0.402,0.805,-98,21481481
1641730,noah clowney,BKN,20,46,1042,420,181,43,40,24,21,46,0.358,87,0.333,0.838,-261,3398406
1626181,norman powell,LAC,32,60,1957,1306,190,21,125,73,9,108,0.484,179,0.418,0.804,352,20482758
1628384,og anunoby,NYK,27,74,2705,1332,358,97,164,110,65,102,0.476,171,0.372,0.81,301,39568966
1630167,obi toppin,IND,27,79,1544,833,318,56,128,46,28,68,0.529,110,0.365,0.781,-77,14000000
1630534,ochai agbaji,TOR,25,64,1738,667,242,61,98,58,30,54,0.498,101,0.399,0.708,-214,6383525
1641765,olivier-maxence prosper,DAL,22,52,584,201,126,44,40,26,6,14,0.402,12,0.235,0.645,-104,3007092
1630168,onyeka okongwu,ATL,24,74,2063,988,660,220,168,69,68,90,0.567,48,0.324,0.759,40,15000000
1631115,orlando robinson,TOR,24,44,769,303,220,89,77,17,16,49,0.444,17,0.327,0.771,-87,2087519
1631131,oscar tshiebwe,UTA,25,14,255,107,122,46,9,13,1,10,0.6,0,0.0,0.742,-11,578577
1629052,oshae brissett,PHI,27,6,142,52,22,7,4,4,3,8,0.487,6,0.333,0.571,-31,2500000
1642345,oso ighodaro,PHX,22,61,1045,255,222,66,71,28,29,39,0.604,0,0.0,0.58,-21,1955377
1631172,ousmane dieng,OKC,22,37,404,142,81,18,31,17,7,18,0.432,23,0.324,0.688,45,6670882
200782,p.j. tucker,NYK,40,3,57,9,8,4,0,1,1,1,0.429,3,0.5,0.0,-22,1857897
1629023,p.j. washington,DAL,26,57,1834,836,442,82,131,63,60,118,0.453,91,0.381,0.722,49,14152174
1628408,pj dozier,MIN,28,9,34,7,5,1,5,1,0,1,0.667,2,0.667,0.167,-4,1051255
1641790,pj hall,DEN,23,19,66,33,22,6,4,0,4,2,0.583,2,0.25,0.75,-2,578577
1642359,pacome dadiet,NYK,19,18,111,30,18,3,5,3,2,4,0.323,6,0.316,0.667,-16,2847600
1631094,paolo banchero,ORL,22,46,1581,1191,345,51,219,36,28,136,0.452,87,0.32,0.727,-21,15334769
1627783,pascal siakam,IND,31,78,2547,1578,540,133,263,70,42,109,0.519,126,0.389,0.734,312,45550512
1626192,pat connaughton,MIL,32,41,602,216,109,19,70,9,11,24,0.469,26,0.321,0.774,-13,9423869
1630311,pat spencer,GSW,28,39,249,98,46,15,48,14,3,18,0.406,5,0.227,0.733,-17,438810
1631116,patrick baldwin jr.,LAC,22,24,106,53,25,5,3,3,2,5,0.543,13,0.565,0.5,29,3498319
1630172,patrick williams,CHI,23,63,1576,566,237,43,124,48,32,86,0.397,96,0.353,0.723,-182,18000000
201988,patty mills,LAC,36,29,320,111,22,4,26,13,3,17,0.375,26,0.347,0.929,-15,2296274
202331,paul george,PHI,35,41,1333,665,219,24,178,75,20,106,0.43,96,0.358,0.814,-83,51666090
1630194,paul reed,DET,26,45,437,184,123,40,44,39,25,26,0.507,8,0.286,0.762,43,5335894
1630202,payton pritchard,BOS,27,80,2270,1144,307,102,279,70,14,83,0.472,255,0.407,0.845,430,7232143
1641796,pelle larsson,MIA,24,55,781,251,92,28,65,32,7,24,0.438,32,0.337,0.672,10,1955377
1631250,pete nance,MIL,25,13,138,38,21,5,10,2,2,4,0.438,9,0.375,0.5,-14,636434
1631212,peyton watson,DEN,22,68,1655,551,233,47,94,48,93,56,0.477,48,0.353,0.693,-26,4356476
1630762,phillip wheeler,PHI,23,5,44,8,8,2,2,1,2,1,0.143,0,0.0,1.0,13,66503
1630173,precious achiuwa,NYK,25,57,1169,379,317,101,55,47,42,45,0.502,10,0.278,0.594,-48,6000000
1629656,quentin grimes,PHI,25,75,2013,1092,324,59,228,74,22,141,0.467,162,0.385,0.757,-261,4296682
1631245,quenton jackson,IND,26,28,381,162,44,14,53,21,5,16,0.475,15,0.375,0.775,-1,636435
1642439,quincy olivari,LAL,24,2,10,3,0,0,1,0,0,1,0.2,1,0.2,0.0,-18,578577
1642366,quinten post,GSW,25,42,685,340,148,35,56,16,18,33,0.449,73,0.408,0.778,43,1955377
1629628,rj barrett,TOR,25,58,1868,1223,366,61,314,46,17,165,0.468,107,0.35,0.63,-139,27705357
1642484,rayj dennis,IND,24,11,70,30,12,2,14,7,2,5,0.333,6,0.286,1.0,44,636434
1641712,rayan rupert,POR,21,52,459,155,70,26,25,16,4,30,0.408,16,0.271,0.767,-86,2221677
1641736,reece beekman,BKN,23,36,469,93,39,13,63,33,2,21,0.327,7,0.175,0.762,-117,578577
1642263,reed sheppard,HOU,21,52,654,229,78,16,75,35,17,37,0.351,48,0.338,0.813,-50,10603560
202704,reggie jackson,PHI,35,31,383,136,42,8,45,16,3,17,0.391,25,0.338,0.778,-19,3303771
1626158,richaun holmes,WAS,31,31,534,230,177,62,42,9,23,21,0.647,0,0.0,0.833,-36,13280737
1641741,ricky council iv,PHI,23,73,1250,532,214,51,97,32,13,52,0.382,55,0.258,0.804,-159,2221677
1642434,riley minix,SAS,24,1,6,0,2,0,0,0,0,0,0.0,0,0.0,0.0,0,578577
1642265,rob dillingham,MIN,20,49,515,219,50,12,98,20,1,53,0.441,25,0.338,0.533,19,6576120
1629057,robert williams iii,POR,27,20,351,116,118,35,21,13,33,17,0.641,1,0.333,0.882,-17,13285713
1631199,ron harper jr.,DET,25,1,17,4,7,4,2,0,0,0,0.125,0,0.0,1.0,-1,315280
1641842,ronald holland ii,DET,19,81,1266,522,218,40,82,49,17,72,0.474,36,0.238,0.754,-55,8657280
1626220,royce o'neale,PHX,32,75,1836,680,349,53,163,67,34,65,0.423,179,0.406,0.731,-155,10125000
203497,rudy gobert,MIN,33,72,2388,866,785,265,127,56,104,89,0.669,0,0.0,0.674,327,35000000
1629060,rui hachimura,LAL,27,59,1868,775,295,79,83,45,26,49,0.509,102,0.413,0.77,158,18259259
201566,russell westbrook,DEN,36,75,2092,994,370,102,457,106,37,242,0.449,94,0.323,0.661,-24,3386366
1642346,ryan dunn,PHX,22,74,1410,511,267,92,57,44,40,40,0.43,82,0.311,0.487,-169,2657760
1631157,ryan rollins,MIL,22,56,819,349,108,21,104,42,17,53,0.487,49,0.408,0.8,83,4000000
1630573,sam hauser,BOS,27,71,1541,605,224,44,64,41,13,23,0.451,166,0.416,1.0,325,10044644
1630241,sam merrill,CLE,29,71,1401,509,157,38,108,53,14,35,0.406,137,0.372,0.966,321,8482144
1630572,sandro mamukelashvili,SAS,26,61,681,385,187,62,48,22,17,26,0.502,60,0.373,0.741,-28,2461463
1630583,santi aldama,MEM,24,65,1659,811,416,94,188,52,29,71,0.483,120,0.368,0.691,149,18485916
1630703,scoot henderson,POR,21,66,1759,837,198,52,335,68,13,177,0.419,105,0.354,0.767,-38,10747994
1630567,scottie barnes,TOR,23,65,2134,1252,502,109,378,93,63,185,0.446,76,0.271,0.755,-130,38661700
1630590,scotty pippen jr.,MEM,24,79,1682,779,259,65,347,103,30,138,0.48,87,0.397,0.713,44,2270735
203552,seth curry,CHA,34,68,1061,444,113,24,60,27,7,32,0.478,83,0.456,0.846,-171,2296274
1631101,shaedon sharpe,POR,22,72,2252,1335,324,68,198,62,16,150,0.452,147,0.311,0.785,-138,8399983
1628983,shai gilgeous-alexander,OKC,26,76,2597,2484,379,67,486,131,77,183,0.519,163,0.375,0.898,918,38333050
1629003,shake milton,LAL,28,57,836,315,104,31,102,25,4,40,0.453,38,0.358,0.797,-118,3000000
1631321,sidy cissoko,POR,21,22,114,32,21,8,15,2,1,11,0.433,3,0.231,0.333,8,636434
1631323,simone fontecchio,DET,29,75,1236,446,215,52,65,31,12,54,0.402,76,0.335,0.833,16,8307692
1627746,skal labissiere,SAC,29,4,11,5,3,1,1,0,0,0,0.5,1,1.0,0.0,-1,128603
203915,spencer dinwiddie,DAL,32,79,2136,872,209,18,349,70,17,102,0.416,109,0.334,0.802,-222,3634153
1642461,spencer jones,DEN,24,20,124,26,17,8,5,5,5,5,0.324,1,0.059,1.0,-45,636435
1630649,stanley umude,MIL,26,22,85,15,17,4,4,3,6,3,0.192,3,0.2,0.5,-15,578577
201939,stephen curry,GSW,37,70,2252,1718,310,40,421,80,30,200,0.448,311,0.397,0.933,299,59606817
1642264,stephon castle,SAS,20,81,2162,1190,297,89,332,74,22,177,0.428,95,0.285,0.724,-239,9560520
203500,steven adams,HOU,31,58,794,225,327,166,66,22,28,54,0.545,0,0.0,0.462,172,14130434
1629004,svi mykhailiuk,UTA,28,38,760,334,90,22,76,19,7,52,0.391,70,0.345,0.8,-106,3675000
204456,t.j. mcconnell,IND,33,79,1415,720,193,44,351,83,21,109,0.519,15,0.306,0.74,-56,10200000
201959,taj gibson,CHA,40,37,408,107,120,51,21,9,18,25,0.495,1,0.5,0.6,-124,3303771
1629659,talen horton-tucker,CHI,24,58,723,379,100,19,83,21,11,40,0.457,41,0.336,0.735,19,2296274
1631106,tari eason,HOU,24,57,1420,686,362,128,83,97,50,65,0.487,63,0.342,0.76,145,5675766
1627752,taurean prince,MIL,31,80,2165,656,287,34,155,76,15,82,0.457,147,0.439,0.813,-22,3550000
1641707,taylor hendricks,UTA,21,3,74,14,15,5,2,5,4,2,0.222,3,0.25,0.75,-22,6126859
1631386,taze moore,POR,27,2,19,6,8,4,1,2,0,2,0.2,1,0.25,0.5,-7,578577
1629611,terance mann,ATL,28,67,1414,517,199,68,121,47,15,47,0.496,60,0.368,0.691,-95,15500000
1629056,terence davis,SAC,28,1,7,0,1,0,1,0,0,0,0.0,0,0.0,0.0,-3,2546675
1630545,terrence shannon jr.,MIN,24,32,338,138,47,10,32,7,5,15,0.482,11,0.355,0.81,11,2674080
1626179,terry rozier,MIA,31,64,1658,679,238,44,167,37,14,78,0.391,91,0.295,0.852,-141,26643031
1630678,terry taylor,SAC,25,3,6,0,1,1,2,0,0,0,0.0,0,0.0,0.0,9,124288
1628418,thomas bryant,IND,27,66,963,429,251,83,53,28,41,30,0.508,48,0.324,0.859,-37,2296274
1642275,tidjane salaun,CHA,19,60,1244,353,280,70,74,29,14,58,0.33,58,0.283,0.713,-321,7863240
203501,tim hardaway jr.,DET,33,77,2152,844,183,18,123,38,7,48,0.406,168,0.368,0.855,25,2296274
202699,tobias harris,DET,32,73,2305,1002,432,65,162,74,57,85,0.477,91,0.345,0.861,187,26634146
1642449,tolu smith,DET,24,1,22,14,8,4,0,0,0,2,0.667,0,0.0,0.667,7,636434
1628396,tony bradley,IND,27,14,112,61,42,18,6,2,9,5,0.644,1,0.333,0.333,44,2940876
1628470,torrey craig,BOS,34,26,313,108,73,27,17,8,12,8,0.422,24,0.364,0.667,-49,2296274
1641787,tosan evbuomwan,BKN,24,28,664,267,120,32,55,24,10,39,0.427,24,0.312,0.753,-66,636434
1641739,toumani camara,POR,25,78,2548,882,450,173,175,116,50,109,0.458,135,0.375,0.722,-114,2221677
1629027,trae young,ATL,26,76,2739,1841,236,36,880,91,12,355,0.411,218,0.34,0.875,34,45999660
1631218,trayce jackson-davis,GSW,25,62,966,407,311,122,104,23,38,45,0.576,0,0.0,0.578,-61,2221677
1630200,tre jones,CHI,25,46,904,330,116,31,192,37,10,35,0.538,19,0.396,0.821,-31,8000000
1630544,tre mann,CHA,24,13,319,183,38,12,39,7,4,25,0.435,24,0.4,0.905,-55,7600000
1630570,trendon watford,BKN,24,44,912,450,160,37,115,27,12,83,0.469,29,0.33,0.762,-65,2461463
1642280,trentyn flowers,LAC,20,6,26,11,4,1,0,0,0,1,0.364,0,0.0,1.0,-6,636435
1630243,trevelin queen,ORL,28,31,430,152,54,26,38,31,10,22,0.381,22,0.286,0.857,-86,578577
1641725,trey alexander,DEN,22,24,117,32,12,1,11,2,1,5,0.317,3,0.176,0.75,-25,636435
1641998,trey jemison iii,LAL,25,38,392,95,105,44,16,9,15,24,0.554,0,0.0,0.394,-18,578577
1626168,trey lyles,SAC,29,69,1349,451,316,80,82,41,23,39,0.42,81,0.34,0.7,-70,8000000
1630530,trey murphy iii,NOP,25,53,1854,1124,268,47,188,56,39,103,0.454,158,0.361,0.887,-384,25000000
202684,tristan thompson,CLE,34,40,328,69,134,32,24,2,11,14,0.437,0,0.0,0.233,-85,2296274
1641774,tristan vukcevic,WAS,22,35,512,330,130,26,39,11,23,42,0.496,38,0.373,0.776,-125,636435
1641783,tristan da silva,ORL,24,74,1628,533,245,73,113,33,18,56,0.412,80,0.335,0.873,-127,3809520
1641803,tristen newton,MIN,24,8,16,3,4,2,2,1,0,2,0.125,0,0.0,1.0,-5,578577
1629660,ty jerome,CLE,27,70,1392,878,173,50,237,78,3,92,0.516,111,0.439,0.872,302,5520000
1631102,tyty washington jr.,PHX,23,16,118,35,13,4,16,3,0,3,0.311,4,0.19,0.5,2,578577
1629639,tyler herro,MIA,25,77,2725,1840,399,35,424,69,17,198,0.472,251,0.375,0.878,99,31000000
1642278,tyler kolek,NYK,24,41,296,81,27,8,70,12,4,18,0.329,14,0.298,0.765,-1,2191897
1641890,tyler smith,MIL,20,23,121,67,25,6,4,3,4,8,0.48,13,0.433,0.75,8,1955377
1630169,tyrese haliburton,IND,25,73,2450,1359,258,42,673,105,49,120,0.473,218,0.388,0.851,222,45550512
1631213,tyrese martin,BKN,26,60,1315,523,219,58,122,34,9,74,0.406,99,0.351,0.793,-258,2191897
1630178,tyrese maxey,PHI,24,52,1960,1369,174,15,317,91,21,124,0.437,161,0.337,0.879,-124,37958760
1630623,tyson etienne,BKN,25,7,151,55,9,3,12,3,1,8,0.327,13,0.295,0.8,-70,636435
1626145,tyus jones,PHX,29,81,2173,829,196,40,429,69,8,91,0.448,166,0.414,0.895,-92,7000000
1642279,ulrich chomche,TOR,19,7,32,5,8,4,2,0,1,2,0.4,0,0.0,0.5,-24,636434
203995,vasilije micic,PHX,31,41,784,269,89,20,128,15,0,77,0.348,45,0.36,0.829,-122,666667
1641705,victor wembanyama,SAS,21,46,1527,1116,506,82,168,52,176,149,0.476,142,0.352,0.836,102,13376695
1631246,vince williams jr.,MEM,24,27,498,179,98,22,55,12,7,33,0.401,26,0.274,0.792,6,2301587
1628427,vlatko cancar,DEN,28,13,135,24,32,6,9,3,2,11,0.385,4,0.267,0.0,-18,2425403
1630249,vit krejci,ATL,25,57,1152,412,156,22,147,36,26,50,0.497,90,0.437,0.711,-66,2349578
1631117,walker kessler,UTA,23,58,1740,641,707,266,97,36,138,86,0.663,6,0.176,0.52,-329,4878938
1628976,wendell carter jr.,ORL,26,68,1758,618,492,151,134,52,41,77,0.46,37,0.234,0.737,-13,10850000
1631111,wendell moore jr.,CHA,23,36,498,150,95,30,42,20,5,27,0.468,14,0.341,0.818,-134,2537040
1630214,xavier tillman,BOS,26,33,230,34,43,10,7,11,5,14,0.245,5,0.156,0.75,-12,2546675
1642530,yuki kawamura,MEM,24,22,92,36,12,0,19,2,0,5,0.367,7,0.304,0.778,27,1157153
1641879,yuri collins,GSW,24,2,16,2,3,2,4,2,0,0,0.333,0,0.0,0.0,-5,1157153
1642274,yves missi,NOP,21,73,1955,665,601,255,99,37,98,82,0.547,0,0.0,0.623,-514,3353040
1642258,zaccharie risacher,ATL,20,75,1843,942,268,86,92,52,37,92,0.458,122,0.355,0.711,-121,13197720
1628380,zach collins,CHI,27,64,977,407,288,102,111,29,29,60,0.507,32,0.302,0.885,-29,18080496
1641744,zach edey,MEM,23,66,1415,610,548,232,65,36,85,88,0.58,18,0.346,0.709,164,6045000
203897,zach lavine,SAC,30,74,2602,1724,315,22,310,58,12,208,0.511,239,0.446,0.825,-70,47499660
1630192,zeke nnaji,DEN,24,57,607,184,90,33,23,25,38,14,0.496,17,0.327,0.614,-23,8177778
1630533,ziaire williams,BKN,23,63,1541,632,287,61,84,62,28,67,0.412,103,0.341,0.821,-330,6000000
1629627,zion williamson,NOP,24,30,857,737,216,76,159,37,27,90,0.567,3,0.231,0.656,-42,39446090
1642389,zyon pullin,MEM,24,3,2,0,0,0,0,0,0,0,0.0,0,0.0,0.0,1,636434
