PLAYER_ID,PLAYER_NAME,TEAM_ABBREVIATION,AGE,GP,MIN,PTS,REB,OREB,AST,STL,BLK,TOV,FG_PCT,FG3M,FG3_PCT,FT_PCT,PLUS_MINUS
203932,aaron gordon,DEN,25,50,1383,618,284,77,161,33,34,97,0.463,59,0.335,0.651,60
1628988,aaron holiday,IND,24,66,1176,475,89,15,123,46,13,66,0.39,67,0.368,0.819,3
1630174,aaron nesmith,BOS,21,46,668,218,127,28,23,15,9,23,0.438,40,0.37,0.786,-7
1627846,abdel nader,PHX,27,24,355,160,62,7,19,10,9,19,0.491,18,0.419,0.757,28
1629690,adam mokoka,CHI,22,14,56,15,5,1,5,2,1,5,0.368,1,0.1,0.0,-8
201143,al horford,BOS,35,28,781,398,188,29,94,25,26,29,0.45,56,0.368,0.818,-101
202329,al-farouq aminu,CHI,30,23,434,102,110,22,31,19,9,28,0.384,8,0.216,0.818,-54
202692,alec burks,NYK,29,49,1254,623,227,21,107,31,14,49,0.42,102,0.415,0.856,125
1630197,aleksej pokusevski,OKC,19,45,1089,367,212,30,97,20,42,99,0.341,58,0.28,0.738,-393
1629346,alen smailagic,GSW,20,15,83,28,16,6,4,3,5,5,0.407,4,0.4,0.333,-32
1627936,alex caruso,LAL,27,58,1216,370,170,31,160,64,15,76,0.436,55,0.401,0.645,120
203458,alex len,WAS,28,64,978,423,260,78,49,20,64,55,0.615,8,0.32,0.629,-97
1628035,alfonzo mckinnie,LAL,28,39,258,122,54,22,6,7,0,5,0.516,16,0.41,0.556,7
1628993,alize johnson,BKN,25,18,188,94,90,27,14,5,5,9,0.588,1,0.167,1.0,-18
1628578,amida brimah,IND,27,5,29,13,8,2,1,0,5,4,0.625,0,0.0,1.0,22
1629599,amir coffey,LAC,24,44,394,140,44,10,22,10,0,15,0.437,23,0.411,0.711,-26
2760,anderson varejao,CLE,38,5,35,13,20,7,3,0,2,1,0.25,0,0.0,0.556,-33
203083,andre drummond,LAL,27,46,1241,687,551,166,94,63,49,124,0.493,0,0.0,0.6,-105
2738,andre iguodala,MIA,37,63,1338,275,221,38,142,57,35,67,0.383,60,0.33,0.658,-82
203460,andre roberson,BKN,29,5,62,6,15,7,4,3,1,2,0.143,1,0.125,0.5,-19
203952,andrew wiggins,GSW,26,71,2364,1320,347,82,167,67,70,126,0.477,140,0.38,0.714,0
1629014,anfernee simons,POR,22,64,1104,502,140,14,89,18,8,43,0.419,120,0.426,0.807,42
203076,anthony davis,LAL,28,36,1161,786,286,62,110,45,59,74,0.491,26,0.26,0.738,115
1630162,anthony edwards,MIN,19,72,2314,1392,336,59,211,82,36,160,0.417,171,0.329,0.776,-228
1630264,anthony gill,WAS,28,26,218,80,51,16,11,10,4,8,0.5,7,0.292,0.813,-17
1630237,anthony lamb,HOU,23,24,415,133,70,27,23,6,5,19,0.39,23,0.324,0.857,-89
201229,anthony tolliver,PHI,36,11,98,17,10,3,2,3,2,3,0.235,4,0.286,0.833,30
1628394,anzejs pasecniks,WAS,25,1,6,0,1,1,1,0,0,5,0.0,0,0.0,0.0,-13
1629717,armoni brooks,HOU,23,20,520,223,68,10,30,12,5,22,0.406,60,0.382,0.583,-135
203382,aron baynes,TOR,34,53,980,324,273,87,47,17,22,46,0.441,27,0.262,0.707,-81
1630204,ashton hagans,MIN,21,2,4,0,0,0,0,0,0,1,0.0,0,0.0,0.0,-3
203085,austin rivers,DEN,28,36,844,285,82,8,81,30,2,36,0.424,55,0.369,0.71,10
202340,avery bradley,HOU,30,27,601,173,57,8,46,21,3,28,0.374,33,0.327,0.8,-131
1626253,axel toupane,MIL,28,8,61,14,6,0,4,2,3,0,0.364,1,0.5,0.714,-3
1628389,bam adebayo,MIA,23,64,2142,1197,573,142,346,75,66,169,0.57,2,0.25,0.799,24
203463,ben mclemore,LAL,28,53,904,406,100,15,39,23,9,42,0.37,97,0.346,0.736,-99
1627732,ben simmons,PHI,24,58,1877,829,417,93,401,93,35,173,0.557,3,0.3,0.613,329
202687,bismack biyombo,CHA,28,66,1348,331,347,137,81,17,74,71,0.587,0,0.0,0.448,-276
201933,blake griffin,BKN,32,46,1186,505,225,35,140,32,15,62,0.423,70,0.341,0.744,58
1626246,boban marjanovic,DAL,32,33,271,156,128,47,10,2,6,12,0.508,1,0.125,0.816,23
1626171,bobby portis,MIL,26,66,1372,754,466,124,71,52,26,56,0.523,74,0.471,0.74,136
203992,bogdan bogdanovic,ATL,28,44,1305,720,160,20,147,49,13,54,0.473,146,0.438,0.909,110
202711,bojan bogdanovic,UTA,32,72,2215,1225,281,40,136,45,4,128,0.439,180,0.39,0.879,419
1629626,bol bol,DEN,21,32,159,69,24,0,7,3,10,13,0.431,9,0.375,0.667,-80
202954,brad wanamaker,CHA,31,61,1053,336,105,18,174,43,11,71,0.385,16,0.188,0.891,-131
203078,bradley beal,WAS,28,60,2146,1878,283,72,265,69,22,187,0.485,130,0.349,0.889,-3
1629634,brandon clarke,MEM,24,59,1414,610,328,97,95,60,51,33,0.517,20,0.26,0.69,-17
1629164,brandon goodwin,ATL,25,47,619,228,69,8,95,17,0,36,0.377,32,0.311,0.651,-61
1627742,brandon ingram,NOP,23,61,2092,1450,299,34,296,42,36,154,0.466,143,0.381,0.878,43
1628968,brian bowen ii,IND,22,6,14,3,3,0,0,0,0,0,0.25,0,0.0,1.0,3
1630271,brodric thomas,CLE,24,32,399,125,53,8,30,15,10,22,0.361,16,0.271,0.674,-48
201572,brook lopez,MIL,33,70,1901,859,347,104,50,40,103,64,0.503,95,0.338,0.845,312
1628971,bruce brown,BKN,24,65,1451,573,349,111,104,58,28,54,0.556,17,0.288,0.735,73
203998,bruno caboclo,HOU,25,6,36,17,14,3,1,0,2,4,0.471,0,0.0,0.5,0
1628981,bruno fernando,ATL,22,33,225,51,78,16,10,4,3,21,0.409,0,0.0,0.682,-22
1627854,bryn forbes,MIL,27,70,1354,701,112,11,45,24,1,44,0.473,154,0.452,0.77,101
1627741,buddy hield,SAC,28,71,2432,1176,334,29,257,63,30,130,0.406,282,0.391,0.846,-56
1629604,cj elleby,POR,21,30,192,68,32,11,10,6,3,5,0.379,7,0.206,0.733,-15
203468,cj mccollum,POR,29,47,1599,1087,185,30,223,44,21,65,0.458,169,0.402,0.812,207
1628997,caleb martin,CHA,25,53,818,264,141,31,67,37,12,33,0.375,31,0.248,0.641,-100
1629629,cam reddish,ATL,21,26,750,292,104,22,35,33,9,34,0.365,33,0.262,0.817,-49
1629244,cam reynolds,HOU,26,5,40,15,5,2,2,0,0,0,0.333,3,0.25,0.0,-26
1629661,cameron johnson,PHX,25,60,1437,573,199,33,86,37,16,40,0.42,117,0.349,0.847,171
1628419,cameron oliver,HOU,24,4,87,43,21,5,5,2,4,3,0.576,4,0.308,0.25,-11
1626166,cameron payne,PHX,26,60,1079,505,144,16,217,36,16,60,0.484,73,0.44,0.893,177
1627747,caris levert,IND,26,47,1485,948,214,33,245,66,30,102,0.441,84,0.326,0.811,-5
2546,carmelo anthony,POR,37,69,1690,924,214,32,104,46,38,61,0.421,133,0.409,0.89,-24
1629035,carsen edwards,BOS,23,31,275,123,26,3,14,7,1,7,0.423,18,0.286,0.846,-25
1630199,cassius stanley,IND,21,24,93,36,20,8,1,1,2,1,0.302,3,0.231,0.778,18
1630216,cassius winston,WAS,23,22,98,41,9,0,12,2,1,5,0.424,8,0.471,0.833,-49
1626224,cedi osman,CLE,26,59,1510,613,201,38,174,53,9,80,0.374,99,0.306,0.8,-323
1628990,chandler hutchison,WAS,25,25,345,107,78,6,17,12,5,20,0.379,8,0.364,0.84,-58
1629718,charlie brown jr.,OKC,24,9,151,40,17,3,9,4,2,6,0.302,5,0.238,0.9,-43
1626184,chasson randle,ORL,28,41,837,266,82,7,74,22,5,46,0.388,44,0.338,0.792,-265
1629002,chimezie metu,SAC,24,36,488,226,112,31,28,14,18,29,0.508,13,0.351,0.721,-58
1628449,chris boucher,TOR,28,60,1452,818,404,117,63,35,111,46,0.514,90,0.383,0.788,97
1629185,chris chiozza,BKN,25,22,232,88,24,3,65,7,6,16,0.352,13,0.31,0.765,19
101108,chris paul,PHX,36,70,2199,1149,312,25,622,99,19,156,0.499,102,0.395,0.934,310
1629735,chris silva,SAC,24,15,92,32,27,7,6,1,6,10,0.625,1,1.0,0.733,-2
1626174,christian wood,HOU,25,41,1325,860,395,76,71,34,48,80,0.514,77,0.374,0.631,-99
1629643,chuma okeke,ORL,22,45,1132,349,181,42,101,48,22,38,0.417,49,0.348,0.75,-182
203991,clint capela,ATL,27,63,1898,956,903,297,49,44,129,73,0.594,0,0.0,0.573,251
1629632,coby white,CHI,21,69,2155,1041,284,28,328,38,15,156,0.416,163,0.359,0.901,-107
1628998,cody martin,CHA,25,52,849,207,161,52,86,37,12,40,0.441,16,0.276,0.581,-4
203469,cody zeller,CHA,28,48,1005,451,328,119,86,27,17,51,0.559,4,0.143,0.714,41
1630175,cole anthony,ORL,21,47,1272,605,221,38,192,30,18,106,0.397,58,0.337,0.832,-322
1629012,collin sexton,CLE,22,60,2115,1460,187,58,262,62,10,167,0.475,98,0.371,0.815,-377
202709,cory joseph,DET,29,63,1446,517,159,35,213,61,18,79,0.469,45,0.341,0.818,-194
1626245,cristiano felicio,CHI,28,18,83,23,26,10,9,4,0,4,0.538,0,0.0,0.563,22
1626156,d'angelo russell,MIN,25,42,1196,796,111,16,244,45,18,112,0.431,120,0.387,0.765,-195
201571,d.j. augustin,HOU,33,57,1128,438,94,20,188,28,1,65,0.394,83,0.382,0.904,-38
1628391,d.j. wilson,HOU,25,35,432,183,112,20,23,11,16,22,0.405,30,0.345,0.68,-106
1629610,daquan jeffries,SAS,23,31,492,127,71,19,22,15,10,14,0.417,20,0.299,0.875,-56
1629751,dakota mathias,PHI,25,8,123,48,7,1,13,1,3,1,0.396,8,0.308,0.333,-31
1627745,damian jones,SAC,26,39,545,183,121,36,29,11,29,26,0.68,1,0.2,0.724,-67
203081,damian lillard,POR,30,67,2397,1928,283,32,505,62,17,203,0.451,275,0.391,0.928,198
1627814,damion lee,GSW,28,57,1079,373,180,22,73,38,8,30,0.467,77,0.397,0.909,41
1628422,damyean dotson,CLE,27,46,907,308,93,5,91,16,4,42,0.406,46,0.289,0.667,-216
1629655,daniel gafford,WAS,22,54,791,380,231,94,29,26,75,41,0.684,0,0.0,0.667,50
1630187,daniel oturu,LAC,21,30,160,54,48,21,10,4,7,9,0.423,1,0.2,0.75,10
1628464,daniel theis,CHI,29,65,1600,627,356,93,108,41,57,66,0.541,49,0.322,0.673,-30
201568,danilo gallinari,ATL,32,51,1221,676,211,17,76,30,10,43,0.434,103,0.406,0.925,92
201980,danny green,PHI,34,69,1934,654,260,55,118,92,56,67,0.412,175,0.405,0.775,311
203957,dante exum,HOU,25,6,116,23,17,2,13,4,2,7,0.385,2,0.182,0.5,6
1627863,danuel house jr.,HOU,28,36,932,315,132,18,69,20,16,36,0.404,54,0.346,0.651,-222
203967,dario saric,PHX,27,50,870,437,190,46,65,30,4,57,0.447,47,0.348,0.848,219
1629647,darius bazley,OKC,21,55,1714,754,396,51,99,29,25,122,0.396,83,0.29,0.702,-477
1629636,darius garland,CLE,21,54,1789,941,129,23,329,66,6,164,0.451,105,0.395,0.848,-237
203121,darius miller,OKC,31,18,196,73,24,2,21,13,5,8,0.458,17,0.405,1.0,37
1628021,david nwaba,HOU,28,30,678,276,118,40,31,30,21,17,0.486,17,0.27,0.691,-28
1628368,de'aaron fox,SAC,23,58,2036,1461,203,33,417,87,27,174,0.477,103,0.322,0.719,-195
1629631,de'andre hunter,ATL,23,23,677,344,110,17,44,19,12,29,0.484,31,0.326,0.859,84
1629001,de'anthony melton,MEM,23,52,1045,472,161,30,132,60,31,66,0.438,87,0.412,0.804,119
201599,deandre jordan,BKN,32,57,1246,426,427,117,93,17,65,85,0.763,0,0.0,0.5,-42
1627761,deandre' bembry,TOR,26,51,971,293,146,33,107,53,18,71,0.513,14,0.264,0.682,7
201942,demar derozan,SAS,31,61,2056,1316,259,40,422,56,15,119,0.495,19,0.257,0.88,-105
202326,demarcus cousins,LAC,30,41,712,366,263,53,76,34,24,64,0.426,47,0.348,0.728,-60
1629731,dean wade,CLE,24,63,1212,376,215,38,74,35,21,30,0.431,78,0.366,0.769,-222
1629028,deandre ayton,PHX,22,69,2114,997,727,228,99,41,81,103,0.626,4,0.2,0.769,274
1629686,deividas sirvydis,DET,21,20,133,41,29,0,5,2,0,5,0.35,10,0.357,0.5,-23
1627749,dejounte murray,SAS,24,67,2139,1051,473,58,363,101,7,117,0.453,63,0.317,0.791,88
1626153,delon wright,SAC,29,63,1747,645,269,65,278,101,30,83,0.463,64,0.372,0.802,-108
1630166,deni avdija,WAS,20,54,1256,342,262,22,63,32,15,33,0.417,53,0.315,0.644,-81
203471,dennis schroder,LAL,27,61,1956,941,211,30,351,70,13,163,0.437,71,0.335,0.848,84
1628372,dennis smith jr.,DET,23,23,420,154,55,12,77,23,14,26,0.4,19,0.328,0.731,-19
1627756,denzel valentine,CHI,27,62,1035,406,197,24,105,30,7,42,0.373,80,0.331,0.941,45
202324,derrick favors,UTA,29,68,1039,369,376,138,44,32,68,36,0.638,0,0.0,0.738,37
1627884,derrick jones jr.,POR,24,58,1317,396,205,77,47,37,54,32,0.484,43,0.316,0.648,-64
201565,derrick rose,NYK,32,50,1278,734,130,20,209,49,19,78,0.47,50,0.388,0.866,133
1628401,derrick white,SAS,26,36,1063,553,107,13,127,26,36,45,0.411,84,0.346,0.851,95
1630217,desmond bane,MEM,23,68,1518,625,210,31,118,41,16,59,0.469,117,0.432,0.816,12
1626164,devin booker,PHX,24,67,2270,1712,281,34,289,53,16,207,0.484,126,0.34,0.867,331
1629962,devin cannady,ORL,25,8,74,34,5,0,1,5,1,2,0.393,6,0.375,0.857,-23
1630170,devin vassell,SAS,20,62,1055,341,174,24,56,43,18,22,0.406,52,0.347,0.843,-65
1629653,devon dotson,CHI,21,11,50,23,5,2,7,4,0,0,0.524,1,0.143,0.0,32
1629719,devontae cacok,LAL,24,20,97,39,32,12,1,5,4,5,0.586,0,0.0,0.455,42
1628984,devonte' graham,CHA,26,55,1658,816,148,22,295,48,6,84,0.377,179,0.375,0.842,98
203473,dewayne dedmon,MIA,31,16,210,113,86,28,12,9,6,13,0.708,1,0.2,0.741,68
1629712,didi louzada,NOP,21,3,56,8,3,1,3,2,0,3,0.231,2,0.25,0.0,-11
1628415,dillon brooks,MEM,25,67,1996,1151,196,53,157,78,26,119,0.419,128,0.344,0.815,153
1627734,domantas sabonis,IND,25,62,2231,1260,742,150,415,76,33,213,0.535,52,0.321,0.732,-91
1628378,donovan mitchell,UTA,24,53,1771,1401,235,50,277,52,15,147,0.438,178,0.386,0.845,287
1629743,donta hall,ORL,23,13,179,73,62,24,11,5,10,8,0.714,0,0.0,0.676,-19
1628978,donte divincenzo,MIL,24,66,1814,688,380,81,203,72,15,91,0.42,131,0.379,0.718,304
1627827,dorian finney-smith,DAL,28,60,1920,590,326,98,102,52,25,48,0.472,119,0.394,0.756,199
203926,doug mcdermott,IND,29,66,1619,899,221,60,85,20,6,53,0.532,111,0.388,0.816,-48
203110,draymond green,GSW,31,63,1981,444,448,55,558,105,52,188,0.447,34,0.27,0.795,239
1629234,drew eubanks,SAS,24,54,755,311,241,74,42,18,49,45,0.566,2,1.0,0.726,-96
1629130,duncan robinson,MIA,27,72,2261,942,250,7,127,43,20,81,0.439,250,0.408,0.827,118
1628407,dwayne bacon,ORL,25,72,1852,788,224,31,93,45,5,46,0.402,59,0.285,0.824,-443
2730,dwight howard,PHI,35,69,1195,482,580,190,61,30,62,112,0.587,5,0.25,0.576,-66
203939,dwight powell,DAL,29,58,965,342,234,80,63,36,30,40,0.619,5,0.238,0.782,75
1629685,dylan windler,CLE,24,31,512,161,107,20,33,19,12,32,0.438,26,0.338,0.778,-62
202722,davis bertans,WAS,28,57,1463,655,168,18,49,33,13,33,0.404,169,0.395,0.87,111
202734,e'twaun moore,PHX,32,27,388,133,45,14,40,15,5,23,0.455,11,0.314,0.857,7
202334,ed davis,MIN,32,23,298,48,115,46,21,13,13,7,0.432,0,0.0,0.833,-47
1628410,edmond sumner,IND,25,53,861,399,94,18,49,33,10,51,0.525,35,0.398,0.819,-33
203901,elfrid payton,NYK,27,63,1484,639,216,64,203,47,9,103,0.432,28,0.286,0.682,-98
1629091,elijah bryant,MIL,26,1,31,16,6,2,3,0,1,4,0.462,1,0.2,1.0,11
1630190,elijah hughes,UTA,23,18,63,31,9,1,6,1,1,6,0.333,8,0.348,0.75,-37
202683,enes freedom,POR,29,72,1757,806,795,284,84,33,48,78,0.604,1,0.25,0.774,155
202339,eric bledsoe,NOP,31,71,2111,869,244,29,268,55,24,114,0.421,121,0.341,0.687,-66
201569,eric gordon,HOU,32,27,788,481,58,8,71,14,13,51,0.433,69,0.329,0.825,-68
1629672,eric paschall,GSW,24,40,695,381,128,28,51,12,7,43,0.497,18,0.333,0.713,-113
101141,ersan ilyasova,UTA,34,17,147,65,29,7,4,10,3,8,0.389,18,0.439,1.0,15
203095,evan fournier,BOS,28,42,1259,719,128,10,144,47,19,73,0.457,117,0.413,0.788,-35
1630267,facundo campazzo,DEN,30,65,1424,396,134,22,232,79,14,73,0.381,76,0.352,0.879,78
1628402,frank jackson,DET,23,40,738,390,86,15,36,15,1,34,0.457,61,0.407,0.813,-13
1626163,frank kaminsky,PHX,28,47,714,310,188,36,79,14,17,22,0.471,31,0.365,0.617,56
1628412,frank mason iii,ORL,27,4,79,25,12,3,12,0,0,5,0.375,2,0.4,0.714,-19
1628373,frank ntilikina,NYK,22,33,322,89,31,6,19,18,4,11,0.367,23,0.479,0.444,-34
1627832,fred vanvleet,TOR,27,52,1898,1019,220,32,328,87,37,95,0.389,174,0.366,0.885,141
1630273,freddie gillespie,TOR,24,20,391,111,97,42,9,13,20,12,0.524,0,0.0,0.697,-78
1627788,furkan korkmaz,PHI,23,55,1061,501,113,17,82,49,9,46,0.401,101,0.375,0.732,143
1629216,gabe vincent,MIA,25,50,654,242,56,10,67,21,2,34,0.378,46,0.309,0.87,-76
1630466,gabriel deck,OKC,26,10,211,84,40,16,24,8,0,6,0.478,2,0.133,0.818,-51
202066,garrett temple,CHI,35,56,1528,423,160,29,124,43,30,58,0.415,67,0.335,0.8,48
1629726,garrison mathews,WAS,24,64,1037,354,87,16,26,29,7,10,0.409,76,0.384,0.884,-135
1629109,gary clark,PHI,26,39,653,119,115,33,31,13,7,17,0.303,31,0.287,0.8,-110
203914,gary harris,ORL,26,39,1080,388,79,21,78,28,11,37,0.4,48,0.34,0.821,-83
1627780,gary payton ii,GSW,28,10,40,25,11,2,1,6,1,1,0.769,2,0.5,0.75,1
1629018,gary trent jr.,TOR,22,58,1801,888,152,27,80,56,10,43,0.408,165,0.385,0.783,-57
201588,george hill,PHI,35,30,671,261,61,16,73,23,5,31,0.482,31,0.388,0.8,-9
1627777,georges niang,UTA,28,72,1154,500,176,28,59,25,8,51,0.437,124,0.425,0.957,353
203507,giannis antetokounmpo,MIL,26,61,2012,1717,671,97,357,72,73,207,0.569,67,0.303,0.685,409
203922,glenn robinson iii,SAC,27,23,369,121,45,11,20,4,3,11,0.424,16,0.364,0.913,-131
1629048,goga bitadze,IND,21,45,561,231,150,60,37,9,60,17,0.428,20,0.253,0.738,-19
201609,goran dragic,MIA,35,50,1336,672,169,25,219,33,8,118,0.432,91,0.373,0.828,40
202330,gordon hayward,CHA,31,44,1496,863,258,37,181,52,14,91,0.473,85,0.415,0.843,19
203476,gorgui dieng,SAS,31,38,552,258,140,40,48,26,16,32,0.521,30,0.429,0.866,-68
1630203,grant riller,CHA,24,7,27,18,1,0,3,1,0,1,0.667,2,0.5,0.0,-4
1629684,grant williams,BOS,22,63,1137,294,178,48,64,32,24,56,0.437,48,0.372,0.588,-48
1628960,grayson allen,MEM,25,50,1259,532,160,19,108,46,8,48,0.418,107,0.391,0.868,8
204222,greg whittington,DEN,28,4,12,0,0,0,0,0,0,0,0.0,0,0.0,0.0,9
1628977,hamidou diallo,DET,22,52,1226,604,272,59,101,41,24,76,0.477,28,0.341,0.64,-193
203084,harrison barnes,SAC,29,58,2102,933,385,64,201,43,11,93,0.497,100,0.391,0.83,-57
1628385,harry giles iii,POR,23,38,347,108,133,31,29,8,13,20,0.433,8,0.348,0.593,-78
202355,hassan whiteside,SAC,32,36,545,293,215,61,20,9,46,40,0.563,0,0.0,0.519,-105
1627740,henry ellenson,TOR,24,2,38,15,12,3,5,0,0,0,0.357,2,0.222,0.75,7
1629649,ignas brazdeikis,ORL,22,13,248,91,45,11,17,4,3,12,0.422,11,0.393,0.714,-27
202697,iman shumpert,BKN,31,2,10,2,1,1,0,1,0,1,0.25,0,0.0,0.0,-1
1630193,immanuel quickley,NYK,22,64,1243,731,137,25,127,30,12,58,0.395,118,0.389,0.891,182
1629067,isaac bonga,WAS,21,40,431,78,66,18,23,11,9,22,0.37,13,0.277,0.625,-36
1630171,isaac okoro,CLE,20,67,2173,646,206,68,128,62,24,86,0.42,62,0.29,0.726,-408
1628392,isaiah hartenstein,CLE,23,46,558,236,181,65,55,19,39,44,0.55,2,0.333,0.648,-1
1630198,isaiah joe,PHI,21,41,382,153,36,6,20,12,4,11,0.361,39,0.368,0.75,2
1629676,isaiah roby,OKC,23,61,1425,533,341,89,107,52,37,113,0.483,32,0.294,0.744,-437
1630191,isaiah stewart,DET,20,68,1454,537,453,159,59,39,86,67,0.553,21,0.333,0.696,-60
202738,isaiah thomas,NOP,32,3,48,23,4,1,5,1,0,6,0.333,3,0.25,1.0,8
202397,ish smith,WAS,32,44,923,295,150,22,172,32,13,41,0.434,18,0.367,0.576,51
1627826,ivica zubac,LAC,24,72,1608,650,519,189,90,24,62,81,0.652,1,0.25,0.789,183
200755,jj redick,DAL,37,44,723,327,64,4,51,11,3,36,0.397,66,0.371,0.942,2
1629630,ja morant,MEM,21,63,2052,1204,252,59,465,57,13,203,0.449,73,0.303,0.728,108
203960,jakarr sampson,IND,28,29,316,134,77,27,4,2,14,15,0.496,3,0.2,0.655,4
203210,jamychal green,DEN,31,58,1119,471,277,85,53,26,22,53,0.463,79,0.399,0.807,99
201580,javale mcgee,DEN,33,46,678,337,239,77,39,19,54,60,0.511,5,0.208,0.657,-89
203953,jabari parker,BOS,26,13,165,72,42,10,11,1,5,10,0.545,2,0.182,0.769,-14
1630183,jaden mcdaniels,MIN,20,63,1510,427,232,52,71,35,60,47,0.447,72,0.364,0.6,-103
203109,jae crowder,PHX,30,60,1648,603,282,32,127,48,27,55,0.404,148,0.389,0.76,218
1630256,jae'sean tate,HOU,25,70,2042,794,374,132,178,85,36,98,0.506,60,0.308,0.694,-189
1626143,jahlil okafor,DET,25,27,347,145,66,23,13,6,5,21,0.618,2,0.222,0.708,-83
1630186,jahmi'us ramsey,SAC,20,13,94,40,10,2,6,4,1,3,0.395,5,0.263,1.0,2
1627774,jake layman,MIN,27,45,627,231,67,13,28,29,19,26,0.495,23,0.295,0.703,-81
1627751,jakob poeltl,SAS,25,69,1845,593,547,219,134,47,123,83,0.616,0,0.0,0.508,109
1628973,jalen brunson,DAL,24,68,1697,857,231,27,239,35,1,80,0.523,81,0.405,0.795,161
1630223,jalen harris,TOR,22,13,172,96,18,3,17,8,0,14,0.5,17,0.472,0.778,-1
1629665,jalen lecque,IND,21,4,12,5,5,2,2,0,0,0,0.111,0,0.0,1.0,-4
1629667,jalen mcdaniels,CHA,23,47,903,346,169,45,53,28,19,45,0.468,35,0.333,0.703,-180
1630188,jalen smith,PHX,21,27,155,53,37,7,4,1,4,7,0.44,4,0.235,0.714,-16
1627750,jamal murray,DEN,24,48,1703,1018,194,37,231,64,13,108,0.477,129,0.408,0.869,301
203516,james ennis iii,ORL,30,41,986,345,166,43,62,32,7,36,0.473,45,0.433,0.805,-73
201935,james harden,BKN,31,44,1608,1083,348,35,475,53,33,177,0.466,121,0.362,0.861,102
201949,james johnson,NOP,34,51,1042,368,177,32,98,42,42,55,0.446,31,0.258,0.592,-128
203263,james nunnally,NOP,30,9,47,15,9,2,3,0,0,2,0.385,4,0.333,0.5,-4
1630164,james wiseman,GSW,20,39,835,448,226,55,26,11,36,60,0.519,12,0.316,0.628,-183
201162,jared dudley,LAL,35,12,80,6,21,4,5,1,1,2,0.222,2,0.333,0.0,2
1629607,jared harper,NYK,23,8,16,3,2,0,1,0,0,3,0.0,0,0.0,0.75,-5
1628991,jaren jackson jr.,MEM,21,11,258,158,62,17,12,12,18,15,0.424,17,0.283,0.833,-64
1629020,jarred vanderbilt,MIN,22,64,1139,344,368,118,76,64,46,53,0.606,1,0.2,0.559,-53
1629714,jarrell brantley,UTA,25,28,138,64,27,9,15,7,2,8,0.481,12,0.429,1.0,-24
1628386,jarrett allen,CLE,23,63,1863,806,631,196,106,32,90,100,0.618,6,0.316,0.703,-203
1629633,jarrett culver,MIN,22,34,499,180,104,34,24,17,9,28,0.411,13,0.245,0.604,-131
1629750,javonte green,CHI,27,41,473,146,71,26,17,28,6,19,0.52,10,0.333,0.75,18
1629637,jaxson hayes,NOP,21,60,963,449,257,92,35,25,38,39,0.625,6,0.429,0.775,-21
1630206,jay scrubb,LAC,20,4,84,35,14,2,1,4,0,7,0.389,2,0.222,1.0,2
1629121,jaylen adams,MIL,25,7,18,2,3,0,2,0,0,0,0.125,0,0.0,0.0,-12
1627759,jaylen brown,BOS,24,58,1998,1430,347,71,195,72,32,158,0.484,163,0.397,0.764,69
1629658,jaylen hoard,OKC,22,19,319,116,65,21,24,13,5,17,0.5,0,0.0,0.683,-62
1629669,jaylen nowell,MIN,21,42,759,379,95,19,62,22,12,28,0.424,50,0.333,0.818,-99
1628369,jayson tatum,BOS,23,64,2289,1692,472,50,276,75,31,171,0.459,187,0.386,0.868,161
201145,jeff green,BKN,34,68,1835,750,263,34,108,36,27,54,0.492,103,0.412,0.776,113
201952,jeff teague,MIL,33,55,950,371,88,15,132,34,12,64,0.433,36,0.439,0.848,56
203924,jerami grant,DET,27,54,1829,1205,250,35,152,35,58,109,0.429,115,0.35,0.845,-117
1629725,jeremiah martin,CLE,25,9,75,22,7,2,4,5,2,6,0.273,3,0.25,0.2,-26
203087,jeremy lamb,IND,29,36,765,363,131,25,53,34,23,22,0.435,52,0.406,0.947,-14
1629010,jerome robinson,WAS,24,17,304,83,38,4,25,12,6,19,0.295,11,0.262,0.8,-100
1628975,jevon carter,PHX,25,60,716,248,92,16,71,29,9,16,0.422,56,0.371,0.571,32
202710,jimmy butler iii,MIA,31,52,1744,1116,359,94,369,108,18,109,0.497,25,0.245,0.863,196
203925,joe harris,BKN,29,69,2141,974,248,43,130,46,14,62,0.505,211,0.475,0.778,352
204060,joe ingles,UTA,33,67,1866,809,244,27,318,45,12,117,0.489,183,0.451,0.844,454
203954,joel embiid,PHI,27,51,1585,1451,539,113,145,50,69,159,0.513,58,0.377,0.859,405
1628381,john collins,ATL,23,63,1848,1111,467,118,78,34,63,84,0.556,83,0.399,0.833,182
1629723,john konchar,MEM,25,43,574,184,128,35,47,30,9,18,0.5,21,0.375,0.833,16
202322,john wall,HOU,30,40,1288,823,129,17,275,42,31,141,0.404,79,0.317,0.749,-166
202685,jonas valanciunas,MEM,29,62,1755,1058,776,253,112,35,57,100,0.592,21,0.368,0.773,134
1629007,jontay porter,MEM,21,11,53,22,14,4,1,3,1,7,0.533,3,0.375,0.6,1
1628395,jordan bell,GSW,26,6,81,15,24,7,7,3,5,4,0.318,0,0.0,0.5,-32
1629648,jordan bone,ORL,23,14,195,56,24,4,18,2,0,3,0.426,10,0.313,0.0,-59
203903,jordan clarkson,UTA,29,68,1817,1251,274,47,168,61,10,115,0.425,208,0.347,0.896,301
1629162,jordan mclaughlin,MIN,25,51,938,256,108,21,193,51,6,51,0.413,33,0.359,0.767,-133
1629670,jordan nwora,MIL,22,30,273,171,60,9,7,17,8,24,0.459,28,0.452,0.76,-3
1629673,jordan poole,GSW,22,51,987,612,92,15,99,26,9,51,0.432,97,0.351,0.882,30
1630182,josh green,DAL,20,39,444,101,78,28,28,16,3,17,0.452,4,0.16,0.565,17
1630221,josh hall,OKC,20,21,336,86,59,6,28,4,1,25,0.303,4,0.108,0.5,-100
1628404,josh hart,NOP,26,47,1349,434,377,53,109,38,12,49,0.439,63,0.326,0.775,0
1628367,josh jackson,DET,24,62,1559,828,254,57,143,53,47,142,0.419,77,0.3,0.729,-121
1629006,josh okogie,MIN,22,59,1196,316,156,63,63,54,28,43,0.402,29,0.269,0.769,-192
1626196,josh richardson,DAL,27,59,1789,715,195,51,153,61,24,79,0.427,88,0.33,0.917,-46
201950,jrue holiday,MIL,31,59,1906,1046,268,73,357,96,37,127,0.503,111,0.392,0.787,379
1629308,juan toscano-anderson,GSW,28,53,1107,301,235,29,150,41,26,61,0.579,37,0.402,0.71,97
1627823,juancho hernangomez,MIN,25,52,900,375,205,45,35,19,7,27,0.435,55,0.327,0.619,-71
203944,julius randle,NYK,26,71,2666,1712,724,84,427,64,18,241,0.456,160,0.411,0.811,153
203200,justin holiday,IND,32,72,2183,756,256,32,119,74,41,54,0.413,173,0.382,0.788,-45
1628382,justin jackson,MIL,26,34,576,245,77,16,52,15,2,32,0.403,36,0.308,0.838,-42
1629713,justin james,SAC,24,36,310,139,30,9,22,8,3,15,0.468,14,0.368,0.583,-56
1628383,justin patton,HOU,24,13,246,70,49,14,14,12,14,4,0.414,9,0.265,0.75,-81
1629620,justin robinson,OKC,23,9,87,21,7,1,9,3,0,2,0.333,4,0.286,0.6,-45
1626159,justise winslow,MEM,25,26,507,178,118,18,50,15,12,37,0.352,10,0.185,0.571,-77
203994,jusuf nurkic,POR,26,37,880,424,332,86,125,38,39,73,0.514,12,0.4,0.619,124
1629752,juwan morgan,UTA,24,29,147,35,28,9,9,4,1,4,0.467,4,0.308,0.429,-107
1630231,kj martin,HOU,20,45,1067,419,242,73,48,30,41,38,0.509,35,0.365,0.714,-283
1629644,kz okpala,MIA,22,37,446,92,68,21,19,10,11,15,0.375,12,0.24,0.533,-67
1630211,karim mane,ORL,21,10,88,11,14,1,4,0,2,3,0.231,1,0.5,0.8,-22
1626157,karl-anthony towns,MIN,25,50,1688,1239,529,133,225,39,57,160,0.486,122,0.387,0.859,11
202695,kawhi leonard,LAC,30,52,1772,1292,337,55,269,81,21,105,0.512,101,0.398,0.885,446
1628966,keita bates-diop,SAS,25,30,244,79,49,9,12,11,5,7,0.448,5,0.294,0.667,-37
1629103,kelan martin,IND,25,35,322,157,78,18,17,10,10,16,0.449,24,0.4,0.9,94
1629640,keldon johnson,SAS,21,69,1967,881,412,93,121,40,24,78,0.479,60,0.331,0.74,-172
1629833,keljin blevins,POR,25,17,74,12,10,3,4,2,0,5,0.25,2,0.25,0.0,-37
203482,kelly olynyk,HOU,30,70,1996,945,489,87,203,79,42,126,0.484,126,0.342,0.829,-100
1626162,kelly oubre jr.,GSW,25,55,1687,849,329,82,73,57,42,70,0.439,90,0.316,0.695,-190
202689,kemba walker,OKC,31,43,1369,829,170,16,212,48,12,88,0.42,127,0.36,0.899,93
1629134,kendrick nunn,MIA,25,56,1650,816,179,21,148,52,14,80,0.485,122,0.381,0.933,-7
1629026,kenrich williams,OKC,26,66,1426,526,273,84,152,55,17,76,0.533,52,0.444,0.571,-180
203145,kent bazemore,GSW,31,67,1333,481,229,26,108,69,33,82,0.449,75,0.408,0.692,166
203484,kentavious caldwell-pope,LAL,28,67,1901,653,179,27,127,62,26,66,0.431,120,0.41,0.866,138
201142,kevin durant,BKN,32,35,1156,943,247,13,195,25,45,120,0.537,85,0.45,0.882,279
1628989,kevin huerter,ATL,22,69,2125,822,231,38,241,82,18,79,0.432,140,0.363,0.781,71
1628995,kevin knox ii,NYK,21,42,464,163,61,10,19,12,6,17,0.392,35,0.393,0.8,-33
201567,kevin love,CLE,32,25,622,305,186,17,63,16,2,38,0.409,57,0.365,0.824,-72
1629645,kevin porter jr.,HOU,21,26,835,431,99,20,164,19,8,91,0.425,50,0.311,0.734,-224
1626172,kevon looney,GSW,25,61,1160,251,322,117,119,21,22,37,0.548,4,0.235,0.646,130
203920,khem birch,TOR,28,67,1529,482,387,174,89,48,50,44,0.497,13,0.25,0.705,-127
203114,khris middleton,MIL,29,68,2268,1385,406,54,370,74,9,178,0.476,151,0.414,0.898,289
1629017,khyri thomas,HOU,25,5,152,82,18,7,25,9,6,6,0.485,9,0.333,1.0,14
1630165,killian hayes,DET,19,26,670,176,69,6,138,27,10,83,0.353,20,0.278,0.824,-130
1629681,killian tillie,MEM,23,18,181,57,24,6,8,5,8,2,0.333,10,0.303,0.818,40
1630184,kira lewis jr.,NOP,20,54,904,343,71,12,124,38,10,34,0.386,40,0.333,0.843,23
1628961,kostas antetokounmpo,LAL,23,15,55,12,19,4,1,2,4,11,0.3,0,0.0,0.462,27
1627739,kris dunn,ATL,27,4,45,5,6,0,2,2,2,3,0.083,0,0.0,0.75,-31
204001,kristaps porzingis,DAL,25,43,1326,865,381,82,68,20,58,51,0.476,97,0.376,0.855,8
203937,kyle anderson,MEM,27,69,1887,854,396,52,250,84,57,86,0.468,94,0.36,0.783,51
1629657,kyle guy,SAC,23,31,235,87,35,5,32,6,0,11,0.33,13,0.283,0.8,-15
1628398,kyle kuzma,LAL,25,68,1954,874,417,108,127,35,41,113,0.443,137,0.361,0.691,-3
200768,kyle lowry,TOR,35,46,1601,791,247,35,338,45,14,126,0.436,131,0.396,0.875,-6
202681,kyrie irving,BKN,29,54,1886,1451,257,52,324,76,37,130,0.506,152,0.402,0.922,229
200746,lamarcus aldridge,BKN,35,26,674,352,118,19,49,11,29,27,0.473,31,0.388,0.872,-34
1630163,lamelo ball,CHA,19,51,1468,803,302,63,313,81,18,145,0.436,92,0.352,0.758,-84
1630205,lamar stevens,CLE,23,40,498,165,96,24,25,17,13,23,0.456,4,0.16,0.725,-115
1629013,landry shamet,BKN,24,61,1402,567,112,11,99,31,10,48,0.408,129,0.387,0.846,57
204038,langston galloway,PHX,29,40,437,190,42,7,26,8,0,13,0.449,36,0.424,0.957,34
1626204,larry nance jr.,CLE,28,35,1091,327,235,54,107,61,17,55,0.471,41,0.36,0.612,-136
1628374,lauri markkanen,CHI,24,51,1317,695,268,35,45,26,15,52,0.48,119,0.402,0.826,-48
2544,lebron james,LAL,36,45,1503,1126,346,29,350,48,25,168,0.513,104,0.365,0.698,287
1629022,lonnie walker iv,SAS,22,60,1521,669,155,14,101,29,15,65,0.42,100,0.355,0.814,-209
1628366,lonzo ball,NOP,23,55,1747,802,263,33,316,82,31,123,0.414,172,0.378,0.781,49
101150,lou williams,ATL,34,66,1422,749,138,21,225,47,6,108,0.41,69,0.399,0.867,77
1629663,louis king,SAC,22,6,85,44,18,5,9,7,3,4,0.5,4,0.364,1.0,-3
1629652,luguentz dort,OKC,22,52,1543,729,189,38,88,45,19,79,0.387,113,0.343,0.744,-252
1629029,luka doncic,DAL,22,66,2262,1830,527,54,567,64,36,281,0.479,192,0.35,0.73,164
1629677,luka samanic,SAS,21,33,308,122,68,16,15,8,8,20,0.448,12,0.279,0.552,-20
1628379,luke kennard,LAC,25,63,1232,520,161,15,104,23,9,48,0.476,100,0.446,0.839,-25
1628436,luke kornet,BOS,25,31,347,106,67,14,24,4,32,7,0.436,15,0.254,0.5,53
1630201,malachi flynn,TOR,23,47,927,353,116,10,137,38,7,43,0.374,54,0.321,0.804,-98
1627763,malcolm brogdon,IND,28,56,1929,1186,294,58,329,49,15,115,0.453,145,0.388,0.864,-32
1627736,malik beasley,MIN,24,37,1214,724,162,28,88,30,7,60,0.44,128,0.399,0.85,-197
1630238,malik fitts,LAC,23,3,10,3,3,0,0,0,0,0,0.333,1,0.5,0.0,-6
1628370,malik monk,CHA,23,42,878,490,101,14,87,19,4,55,0.434,85,0.401,0.819,33
1629603,mamadi diakite,MIL,24,14,141,44,34,8,8,6,5,3,0.4,1,0.125,0.786,8
201188,marc gasol,LAL,36,52,993,262,215,38,109,26,58,53,0.454,50,0.41,0.72,89
202694,marcus morris sr.,LAC,31,57,1501,765,234,35,58,34,15,57,0.473,140,0.473,0.82,133
203935,marcus smart,BOS,27,48,1581,627,167,36,273,72,23,96,0.398,93,0.33,0.79,93
1628365,markelle fultz,ORL,23,8,215,103,25,5,43,8,2,18,0.394,4,0.25,0.895,-29
202693,markieff morris,LAL,31,61,1200,407,266,48,73,22,19,54,0.405,65,0.311,0.72,21
1630210,markus howard,DEN,22,37,204,105,21,1,18,4,1,18,0.377,18,0.277,0.778,-70
1629716,marques bolden,CLE,23,6,28,7,6,3,0,2,2,2,0.333,0,0.0,0.625,5
1627737,marquese chriss,GSW,23,2,26,13,13,3,2,0,2,2,0.357,1,0.2,0.5,-25
1628963,marvin bagley iii,SAC,22,43,1111,608,318,106,43,21,21,59,0.504,37,0.343,0.575,-87
1630222,mason jones,PHI,22,32,334,168,55,7,42,7,1,29,0.423,24,0.364,0.625,-90
203486,mason plumlee,DET,31,56,1498,581,519,145,202,43,50,105,0.614,0,0.0,0.669,-150
1629680,matisse thybulle,PHI,24,65,1298,255,124,30,63,105,71,32,0.42,43,0.301,0.444,97
1629744,matt thomas,UTA,26,45,326,139,44,7,19,4,0,14,0.394,27,0.338,0.857,-67
203521,matthew dellavedova,CLE,30,13,224,36,24,6,58,4,1,6,0.25,4,0.16,1.0,-18
203090,maurice harkless,SAC,28,37,771,194,89,13,44,30,20,22,0.418,23,0.274,0.767,-44
1629622,max strus,MIA,25,39,506,236,41,5,24,11,2,8,0.455,50,0.338,0.667,-40
1628467,maxi kleber,DAL,29,50,1340,353,260,47,68,24,35,30,0.422,87,0.41,0.919,136
203086,meyers leonard,MIA,29,3,29,10,7,0,2,0,0,2,0.429,3,0.429,0.5,-4
1629662,mfiondu kabengele,CLE,23,39,280,95,60,12,17,8,13,15,0.371,13,0.26,0.8,-92
203487,michael carter-williams,ORL,29,31,799,274,139,39,129,25,17,69,0.389,15,0.246,0.613,-49
1629008,michael porter jr.,DEN,23,61,1912,1162,445,91,70,40,54,77,0.542,170,0.445,0.791,360
1628969,mikal bridges,PHX,24,72,2347,970,309,76,152,76,63,57,0.543,134,0.425,0.84,337
201144,mike conley,UTA,33,51,1497,827,177,36,305,70,9,99,0.444,138,0.412,0.852,548
1628455,mike james,BKN,30,13,235,100,32,3,54,6,1,20,0.37,11,0.355,0.778,20
203488,mike muscala,OKC,29,35,645,339,132,19,28,8,11,21,0.446,68,0.37,0.917,17
203118,mike scott,PHI,32,51,851,213,120,11,40,24,14,19,0.36,53,0.342,0.667,-8
1628970,miles bridges,CHA,23,66,1931,840,397,81,147,44,52,106,0.503,116,0.4,0.867,-9
1629011,mitchell robinson,NYK,23,31,852,256,252,113,17,35,45,26,0.653,0,0.0,0.491,-17
1629671,miye oni,UTA,23,54,519,105,84,23,28,11,8,16,0.354,30,0.341,0.833,92
1628964,mo bamba,ORL,23,46,724,367,265,76,35,14,58,36,0.472,38,0.322,0.682,-203
1626149,montrezl harrell,LAL,27,69,1580,931,428,158,73,46,49,74,0.622,0,0.0,0.707,42
1628420,monte morris,DEN,26,47,1196,481,96,11,150,34,13,34,0.481,51,0.381,0.795,153
1629021,moritz wagner,ORL,24,45,721,310,146,27,50,26,18,43,0.454,31,0.341,0.816,-142
1629650,moses brown,BOS,21,43,920,370,383,154,10,31,47,43,0.545,0,0.0,0.619,-363
1628539,mychal mulder,GSW,27,60,765,337,60,8,26,12,12,16,0.449,85,0.397,0.636,64
1626167,myles turner,IND,25,47,1455,592,306,63,48,40,159,67,0.477,69,0.335,0.782,25
1630230,naji marshall,NOP,23,32,699,246,148,15,88,26,10,38,0.392,29,0.349,0.707,-28
1629642,nassir little,POR,21,48,640,220,128,32,23,5,13,18,0.467,28,0.35,0.8,-40
1630268,nate darling,CHA,22,7,26,9,1,1,1,0,1,1,0.286,2,0.286,1.0,-30
1630207,nate hinton,DAL,22,21,93,41,9,1,8,7,2,5,0.357,4,0.211,0.7,-54
1630233,nathan knight,ATL,23,33,278,124,72,27,8,9,10,15,0.37,6,0.182,0.8,-17
1629675,naz reid,MIN,21,70,1346,784,322,82,72,34,76,69,0.523,61,0.351,0.693,-292
202357,nemanja bjelica,MIA,33,37,595,242,127,29,69,15,5,33,0.454,27,0.318,0.725,-66
203457,nerlens noel,NYK,27,64,1546,324,407,142,46,70,141,65,0.614,0,0.0,0.714,-2
1629651,nic claxton,BKN,22,32,594,212,166,43,28,23,40,18,0.621,1,0.2,0.484,157
1630208,nick richards,CHA,23,18,62,15,11,4,2,0,0,3,0.444,0,0.0,0.636,-12
1629638,nickeil alexander-walker,NOP,22,46,1006,508,144,13,102,47,22,69,0.419,76,0.347,0.727,-52
1630185,nico mannion,GSW,20,30,363,123,46,6,70,16,1,31,0.342,22,0.367,0.821,-76
201587,nicolas batum,LAC,32,67,1834,540,316,50,148,69,37,53,0.464,110,0.404,0.828,339
1629740,nicolo melli,DAL,30,45,566,134,122,29,44,14,3,12,0.326,23,0.271,0.76,24
203999,nikola jokic,DEN,26,72,2487,1898,780,205,599,95,48,222,0.566,92,0.388,0.868,384
202696,nikola vucevic,CHI,30,70,2348,1639,817,146,269,65,48,126,0.477,176,0.4,0.84,-341
203943,noah vonleh,BKN,25,4,10,0,1,0,1,0,0,2,0.0,0,0.0,0.0,-16
1626181,norman powell,POR,28,69,2205,1283,215,42,129,82,18,119,0.477,171,0.411,0.871,79
203658,norvel pelle,NYK,28,13,83,20,19,6,2,1,9,3,0.533,0,0.0,0.667,23
1628384,og anunoby,TOR,23,43,1433,682,237,54,94,66,32,75,0.48,104,0.398,0.784,118
1630167,obi toppin,NYK,23,62,683,253,138,26,29,17,15,23,0.498,26,0.306,0.731,25
1630168,onyeka okongwu,ATL,20,50,601,228,163,62,18,23,33,29,0.644,0,0.0,0.632,-89
1629052,oshae brissett,IND,23,21,519,229,115,29,18,19,20,10,0.483,33,0.423,0.769,59
203490,otto porter jr.,ORL,28,28,606,271,152,28,55,16,4,25,0.432,39,0.375,0.857,-42
200782,p.j. tucker,MIL,36,52,1355,193,204,51,61,39,20,40,0.373,40,0.336,0.75,-179
1629023,p.j. washington,CHA,22,64,1953,824,418,93,161,69,79,128,0.44,112,0.386,0.745,35
1628408,pj dozier,DEN,24,50,1088,385,182,35,92,31,22,46,0.417,47,0.315,0.636,193
1627783,pascal siakam,TOR,27,56,2006,1196,405,95,250,64,37,130,0.455,73,0.297,0.827,130
1626192,pat connaughton,MIL,28,69,1574,468,332,63,81,49,23,33,0.434,101,0.371,0.775,223
201976,patrick beverley,LAC,32,37,832,278,119,29,76,29,28,34,0.423,56,0.397,0.8,147
1627775,patrick mccaw,TOR,25,5,33,5,3,1,4,2,0,0,1.0,0,0.0,1.0,-18
202335,patrick patterson,LAC,32,38,581,197,75,19,29,14,8,11,0.436,40,0.357,0.765,23
1630172,patrick williams,CHI,19,71,1983,655,327,66,99,64,46,98,0.483,54,0.391,0.728,-292
201988,patty mills,SAS,32,68,1684,736,116,18,162,42,3,66,0.412,161,0.375,0.91,27
202331,paul george,LAC,31,54,1820,1259,359,45,280,62,24,179,0.467,171,0.411,0.868,432
200794,paul millsap,DEN,36,56,1162,502,262,76,98,51,36,51,0.476,49,0.343,0.724,102
1630194,paul reed,PHI,22,26,177,88,61,30,12,10,13,12,0.538,0,0.0,0.5,36
1628778,paul watson,TOR,26,27,296,111,45,4,17,6,3,9,0.463,30,0.469,0.625,-4
1630202,payton pritchard,BOS,23,66,1267,510,158,33,120,37,9,53,0.44,102,0.411,0.889,40
1630173,precious achiuwa,MIA,21,61,737,304,208,73,29,20,28,43,0.544,0,0.0,0.509,-116
1626188,quinn cook,CLE,28,23,157,76,17,2,18,4,1,7,0.426,11,0.423,0.875,-9
1629683,quinndary weatherspoon,SAS,24,20,121,46,11,3,8,8,2,10,0.457,1,0.167,0.813,-59
1630181,r.j. hampton,ORL,20,51,888,354,179,29,87,21,10,53,0.435,27,0.31,0.671,-284
1629628,rj barrett,NYK,21,72,2510,1264,414,68,217,53,20,139,0.441,124,0.401,0.746,137
200765,rajon rondo,LAC,35,45,769,242,110,18,199,37,4,79,0.442,36,0.404,0.941,22
203526,raul neto,WAS,29,64,1403,557,156,28,146,73,6,53,0.468,64,0.39,0.882,-21
1629034,ray spalding,HOU,24,2,18,4,4,2,0,0,2,3,0.5,0,0.0,0.0,-7
1629730,rayjon tucker,PHI,23,14,68,34,11,1,6,2,0,4,0.5,2,0.286,0.737,-12
203493,reggie bullock jr.,NYK,30,65,1949,709,223,16,99,52,11,45,0.442,163,0.41,0.909,107
202704,reggie jackson,LAC,31,67,1544,715,192,24,205,41,7,74,0.45,122,0.433,0.817,246
1629617,reggie perry,BKN,21,26,210,78,73,27,14,6,6,15,0.41,4,0.19,0.769,-36
1626158,richaun holmes,SAC,27,61,1781,869,504,144,101,39,96,75,0.637,2,0.182,0.794,9
201937,ricky rubio,MIN,30,68,1771,582,223,28,433,98,4,111,0.388,66,0.308,0.867,-186
203496,robert covington,POR,30,70,2242,593,466,61,117,101,84,64,0.401,135,0.379,0.806,203
1629606,robert franks,ORL,24,7,100,43,14,6,5,3,3,2,0.464,5,0.333,0.923,-25
1629057,robert williams iii,BOS,23,52,985,417,358,133,94,43,91,52,0.721,0,0.0,0.616,8
1630218,robert woodard ii,SAC,21,13,45,20,16,4,2,0,3,1,0.4,1,0.167,0.375,11
201577,robin lopez,WAS,33,71,1353,642,272,141,55,15,44,75,0.633,5,0.278,0.723,-13
1629066,rodions kurucs,MIL,23,21,124,31,23,5,10,9,4,13,0.344,6,0.286,0.75,-3
203918,rodney hood,TOR,28,55,942,246,103,23,53,24,7,36,0.362,34,0.301,0.857,-131
203585,rodney mcgruder,DET,29,16,193,91,22,8,16,8,1,7,0.529,11,0.458,0.75,-17
1629641,romeo langford,BOS,21,18,282,56,35,12,13,6,5,10,0.356,5,0.278,0.75,-67
1626178,rondae hollis-jefferson,POR,26,11,107,27,26,11,13,2,4,2,0.5,0,0.0,0.563,-7
1626220,royce o'neale,UTA,28,71,2240,496,485,88,181,57,32,83,0.444,107,0.385,0.848,471
200752,rudy gay,SAS,34,63,1357,716,303,42,88,45,40,65,0.42,106,0.381,0.804,130
203497,rudy gobert,UTA,29,71,2186,1015,960,240,89,40,190,118,0.675,0,0.0,0.623,728
1629060,rui hachimura,WAS,23,57,1797,789,312,49,82,44,7,68,0.478,45,0.328,0.77,-111
201566,russell westbrook,WAS,32,65,2368,1445,750,109,763,89,23,312,0.439,86,0.315,0.656,-88
1627853,ryan arcidiacono,CHI,27,44,450,136,67,5,56,9,0,10,0.419,25,0.373,0.65,10
1630240,saben lee,DET,22,48,780,267,97,20,174,32,13,55,0.471,8,0.348,0.685,-89
1630180,saddiq bey,DET,22,70,1909,857,318,43,95,52,14,60,0.404,175,0.38,0.844,-213
1630241,sam merrill,MIL,25,30,232,89,30,6,21,8,1,10,0.444,21,0.447,1.0,-38
1630253,sean mcdermott,MEM,24,18,157,39,19,6,4,2,3,4,0.394,5,0.227,1.0,-57
1629635,sekou doumbouya,DET,20,56,869,285,143,39,47,24,9,44,0.379,26,0.226,0.703,-132
1628400,semi ojeleye,BOS,26,56,949,260,147,31,37,17,0,21,0.403,58,0.367,0.75,5
201586,serge ibaka,LAC,31,41,954,454,275,73,74,9,47,44,0.51,39,0.339,0.811,157
203552,seth curry,PHI,30,57,1638,711,136,10,155,44,8,65,0.467,126,0.45,0.896,319
1628983,shai gilgeous-alexander,OKC,22,35,1179,830,166,19,207,27,23,106,0.508,71,0.418,0.808,-185
1629003,shake milton,PHI,24,63,1460,817,148,33,193,39,18,103,0.45,71,0.35,0.83,131
1627885,shaquille harrison,DEN,27,34,332,73,48,7,25,17,5,11,0.333,3,0.188,0.818,-75
1628414,sindarius thornwell,ORL,26,21,216,41,18,3,21,13,2,7,0.326,7,0.304,0.5,-8
1630219,skylar mays,ATL,23,33,269,124,35,10,30,14,2,9,0.449,14,0.35,0.88,13
203524,solomon hill,ATL,30,71,1513,317,214,42,75,50,11,42,0.359,68,0.321,0.761,25
203915,spencer dinwiddie,BKN,28,3,64,20,13,0,9,2,1,5,0.375,2,0.286,1.0,42
1626169,stanley johnson,TOR,25,61,1005,267,153,29,89,52,18,54,0.382,45,0.328,0.8,-158
201939,stephen curry,GSW,33,63,2151,2015,345,29,363,77,8,213,0.482,337,0.421,0.916,244
1628425,sterling brown,HOU,26,51,1228,416,224,38,72,38,12,41,0.448,91,0.423,0.806,-154
203500,steven adams,NOP,27,58,1604,438,514,213,111,54,38,78,0.614,0,0.0,0.444,15
1629004,svi mykhailiuk,OKC,24,66,1324,559,163,24,110,51,12,88,0.411,105,0.334,0.76,-229
1628388,t.j. leaf,POR,24,7,35,12,5,0,1,2,1,2,0.5,0,0.0,1.0,-20
204456,t.j. mcconnell,IND,29,69,1796,596,256,55,456,128,23,135,0.559,15,0.313,0.688,70
203933,t.j. warren,IND,27,4,117,62,14,2,5,2,0,4,0.529,0,0.0,0.8,1
1629605,tacko fall,BOS,25,19,135,47,52,16,3,1,20,6,0.724,0,0.0,0.333,26
201959,taj gibson,NYK,36,45,935,241,250,99,36,31,49,22,0.627,3,0.2,0.727,129
1629659,talen horton-tucker,LAL,20,65,1304,585,169,25,181,63,21,105,0.458,37,0.282,0.775,14
1627752,taurean prince,CLE,27,41,905,389,142,19,76,28,23,47,0.401,62,0.4,0.855,-129
1629611,terance mann,LAC,24,67,1263,472,242,56,104,29,13,40,0.509,38,0.418,0.83,31
1629056,terence davis,SAC,24,61,1074,533,154,20,83,44,14,63,0.428,98,0.367,0.818,-67
1628390,terrance ferguson,PHI,23,13,49,2,1,0,2,1,0,4,0.143,0,0.0,0.0,-19
203082,terrence ross,ORL,30,46,1346,717,158,15,108,47,21,74,0.412,89,0.337,0.87,-235
1626179,terry rozier,CHA,27,69,2383,1407,302,47,293,87,26,128,0.45,222,0.389,0.817,-89
201152,thaddeus young,CHI,33,68,1652,823,423,168,291,74,40,137,0.559,12,0.267,0.628,146
203648,thanasis antetokounmpo,MIL,28,57,551,166,124,54,46,22,10,43,0.489,7,0.241,0.51,-12
1630177,theo maledon,OKC,20,65,1777,658,211,25,227,56,11,141,0.368,105,0.335,0.748,-621
1629033,theo pinson,NYK,25,17,34,2,5,0,1,0,0,1,0.111,0,0.0,0.0,-16
1628418,thomas bryant,WAS,23,10,270,143,61,18,15,4,8,11,0.648,9,0.429,0.667,-14
1627748,thon maker,CLE,24,8,76,30,18,8,4,2,4,3,0.556,0,0.0,0.909,-18
204025,tim frazier,MEM,30,5,61,8,8,0,16,2,1,4,0.15,0,0.0,0.333,5
203501,tim hardaway jr.,DAL,29,70,1985,1163,229,20,126,31,11,64,0.447,207,0.391,0.816,71
1627789,timothe luwawu-cabarrot,BKN,26,58,1050,370,129,28,69,33,6,43,0.365,75,0.314,0.814,-26
202699,tobias harris,PHI,28,62,2014,1210,419,62,220,55,51,107,0.512,82,0.394,0.892,324
203107,tomas satoransky,CHI,29,58,1306,447,142,30,271,40,14,96,0.514,42,0.356,0.848,0
1628396,tony bradley,OKC,23,42,683,300,239,85,37,15,30,33,0.665,0,0.0,0.691,-16
203503,tony snell,ATL,29,47,992,249,112,18,59,13,11,21,0.515,62,0.569,1.0,64
1628470,torrey craig,PHX,30,50,803,274,197,57,49,28,27,25,0.48,39,0.368,0.773,-96
1629027,trae young,ATL,22,63,2124,1594,245,38,594,53,12,261,0.438,136,0.343,0.886,267
1630200,tre jones,SAS,21,37,268,94,21,8,39,8,0,13,0.474,3,0.6,0.895,-83
1629682,tremont waters,BOS,23,26,237,99,21,5,62,15,1,27,0.405,15,0.395,0.941,-10
1630235,trent forrest,UTA,23,30,302,88,44,11,45,9,4,21,0.451,5,0.192,1.0,-49
2772,trevor ariza,MIA,36,30,840,282,144,27,55,31,18,21,0.411,50,0.35,0.773,40
203504,trey burke,DAL,28,62,911,411,54,10,81,36,7,33,0.428,58,0.354,0.895,15
1626168,trey lyles,SAS,25,23,357,115,86,9,14,6,1,6,0.478,14,0.35,0.652,-108
202684,tristan thompson,BOS,30,54,1286,409,439,169,67,24,33,62,0.518,0,0.0,0.592,24
1628972,troy brown jr.,CHI,21,34,523,161,105,20,29,10,6,21,0.431,22,0.314,0.714,26
1629660,ty jerome,OKC,23,33,787,353,91,10,120,20,6,47,0.446,71,0.423,0.765,-135
1630234,ty-shon alexander,PHX,22,15,47,9,10,2,6,0,1,3,0.25,2,0.222,0.5,-8
1630189,tyler bey,DAL,23,18,70,18,19,8,3,0,1,3,0.318,1,0.25,0.6,-37
1629076,tyler cook,DET,23,32,437,156,95,28,17,8,2,21,0.67,1,0.5,0.486,-34
1629639,tyler herro,MIA,21,54,1635,815,268,25,184,35,17,101,0.439,107,0.36,0.803,-85
204020,tyler johnson,BKN,29,39,683,210,77,6,47,14,0,17,0.393,48,0.364,0.857,47
1630179,tyrell terry,DAL,20,11,56,11,6,0,6,5,0,2,0.313,0,0.0,0.333,0
1630169,tyrese haliburton,SAC,21,58,1745,753,173,39,309,77,28,92,0.472,121,0.409,0.857,-180
1630178,tyrese maxey,PHI,20,61,935,488,104,11,120,26,13,41,0.462,31,0.301,0.871,-52
1626145,tyus jones,MEM,25,70,1222,442,140,21,259,64,6,48,0.431,45,0.321,0.911,-85
1628962,udoka azubuike,UTA,21,15,57,16,13,4,0,1,4,3,0.444,0,0.0,0.8,-65
2617,udonis haslem,MIA,41,1,2,4,1,0,0,0,0,0,1.0,0,0.0,0.0,3
1630176,vernon carey jr.,CHA,20,19,114,46,27,6,2,1,5,5,0.5,1,0.143,0.818,-12
203506,victor oladipo,MIA,29,33,1080,652,160,12,151,46,14,83,0.408,78,0.326,0.754,-71
1629738,vincent poirier,PHI,27,10,39,8,14,6,2,0,3,4,0.25,0,0.0,0.333,-16
1628427,vlatko cancar,DEN,24,41,281,85,50,11,14,11,2,14,0.458,9,0.273,0.769,-104
201961,wayne ellington,DET,33,46,1011,442,85,12,67,18,9,33,0.441,116,0.422,0.8,-69
1628976,wendell carter jr.,ORL,22,54,1375,606,443,132,104,35,42,78,0.503,15,0.294,0.732,-242
1629117,wenyen gabriel,NOP,24,21,240,72,54,20,11,9,8,15,0.4,13,0.406,0.647,2
1628411,wes iwundu,NOP,26,41,538,99,90,15,18,15,4,19,0.333,5,0.122,0.839,-94
202083,wesley matthews,LAL,34,58,1129,279,93,20,54,38,17,26,0.353,66,0.335,0.854,38
203115,will barton,DEN,30,56,1735,711,226,39,181,50,23,96,0.426,98,0.381,0.785,232
1630266,will magnay,NOP,23,1,3,0,0,0,0,0,0,1,0.0,0,0.0,0.0,-10
1626161,willie cauley-stein,DAL,27,53,905,280,236,66,35,21,43,29,0.632,1,0.091,0.628,138
1626195,willy hernangomez,NOP,27,47,846,365,334,117,50,22,23,34,0.563,1,0.1,0.667,-14
1630214,xavier tillman,MEM,22,59,1084,390,256,74,75,44,33,45,0.559,22,0.338,0.642,33
1627812,yogi ferrell,LAC,28,10,136,56,19,5,22,7,3,3,0.351,9,0.321,0.778,-1
1629139,yuta watanabe,TOR,26,50,722,218,159,36,40,26,19,19,0.439,36,0.4,0.828,-41
203897,zach lavine,CHI,26,58,2033,1591,289,36,282,46,27,203,0.507,200,0.419,0.849,-9
1630192,zeke nnaji,DEN,20,42,397,136,65,14,10,8,4,7,0.481,24,0.407,0.8,-82
1629627,zion williamson,NOP,20,61,2025,1647,441,167,226,57,39,167,0.611,10,0.294,0.698,89
